{"type":"FeatureCollection","source":"US Census Bureau TIGERweb Generalized_ACS2025, Counties 500K (cartographic, clipped to shoreline), simplified to ~0.0005 deg; public domain","features":[{"type":"Feature","properties":{"fips":"17001","name":"Adams"},"geometry":{"type":"Polygon","coordinates":[[[-91.513,40.1811],[-91.5111,40.1888],[-91.5055,40.1956],[-91.5045,40.1983],[-91.505,40.1999],[-91.3966,40.1995],[-91.1452,40.1955],[-90.912,40.1931],[-90.9147,40.018],[-90.9147,39.9301],[-90.9165,39.9166],[-90.917,39.9022],[-90.916,39.7572],[-91.2658,39.7574],[-91.3651,39.7587],[-91.3659,39.765],[-91.3657,39.7749],[-91.3648,39.7794],[-91.3617,39.7851],[-91.3616,39.7875],[-91.3634,39.7928],[-91.368,39.8004],[-91.378,39.8113],[-91.3979,39.8211],[-91.4062,39.8265],[-91.4295,39.8378],[-91.4329,39.8406],[-91.4361,39.8455],[-91.4464,39.8704],[-91.4478,39.878],[-91.4435,39.8936],[-91.4209,39.9149],[-91.4199,39.9165],[-91.4188,39.9221],[-91.4194,39.9277],[-91.4218,39.933],[-91.4258,39.9378],[-91.4371,39.9464],[-91.4416,39.9513],[-91.4472,39.9595],[-91.4498,39.9653],[-91.4546,39.9713],[-91.4589,39.979],[-91.4637,39.9818],[-91.4653,39.984],[-91.4692,39.9953],[-91.4773,40.009],[-91.4874,40.0232],[-91.4949,40.0365],[-91.4896,40.0574],[-91.4977,40.0783],[-91.5092,40.1219],[-91.5117,40.1471],[-91.5116,40.1493],[-91.5082,40.1577],[-91.512,40.1704],[-91.513,40.1811]]]}},{"type":"Feature","properties":{"fips":"17003","name":"Alexander"},"geometry":{"type":"Polygon","coordinates":[[[-89.5184,37.2894],[-89.5157,37.2954],[-89.5118,37.3108],[-89.5097,37.3143],[-89.4952,37.3248],[-89.4912,37.3314],[-89.4865,37.3345],[-89.3611,37.3344],[-89.3262,37.3352],[-89.3075,37.3344],[-89.2703,37.3356],[-89.2486,37.3353],[-89.2447,37.332],[-89.2378,37.3314],[-89.2226,37.332],[-89.2217,37.3307],[-89.2222,37.3295],[-89.2199,37.3277],[-89.2169,37.3269],[-89.216,37.3248],[-89.2126,37.3231],[-89.211,37.3228],[-89.2099,37.3234],[-89.2073,37.3222],[-89.2066,37.3214],[-89.2089,37.3189],[-89.2058,37.317],[-89.2034,37.3068],[-89.2027,37.2894],[-89.2105,37.2803],[-89.2128,37.281],[-89.221,37.2791],[-89.2218,37.2775],[-89.2236,37.2774],[-89.2274,37.2752],[-89.2277,37.2734],[-89.2347,37.2723],[-89.2381,37.2707],[-89.2424,37.2664],[-89.2415,37.2652],[-89.2434,37.2641],[-89.2459,37.2639],[-89.2464,37.2622],[-89.2485,37.2597],[-89.2475,37.2589],[-89.2507,37.2564],[-89.2484,37.255],[-89.2497,37.2532],[-89.2516,37.2529],[-89.2514,37.2518],[-89.2484,37.2513],[-89.2495,37.249],[-89.2514,37.2491],[-89.25,37.2478],[-89.2504,37.2433],[-89.252,37.2417],[-89.253,37.2379],[-89.2548,37.2348],[-89.255,37.2321],[-89.2562,37.2319],[-89.2577,37.2287],[-89.2565,37.2276],[-89.259,37.2282],[-89.2616,37.2273],[-89.2612,37.229],[-89.2596,37.2295],[-89.2604,37.231],[-89.262,37.2308],[-89.2641,37.2265],[-89.2654,37.2258],[-89.2664,37.2266],[-89.2677,37.2263],[-89.2652,37.2238],[-89.2661,37.2223],[-89.2644,37.2225],[-89.2631,37.2207],[-89.2613,37.2201],[-89.2623,37.2187],[-89.2616,37.2178],[-89.2625,37.2162],[-89.2625,37.2134],[-89.2642,37.2132],[-89.2643,37.2121],[-89.2605,37.2098],[-89.2605,37.211],[-89.2593,37.2107],[-89.2591,37.2097],[-89.2611,37.2084],[-89.2599,37.2076],[-89.26,37.2061],[-89.2621,37.2041],[-89.2636,37.2045],[-89.2638,37.2038],[-89.2594,37.2025],[-89.2626,37.2017],[-89.2622,37.2006],[-89.2602,37.2001],[-89.2602,37.1974],[-89.2588,37.1974],[-89.2578,37.1962],[-89.258,37.1985],[-89.2567,37.1984],[-89.2558,37.197],[-89.2523,37.1961],[-89.2533,37.1936],[-89.2559,37.193],[-89.2532,37.1922],[-89.2519,37.1909],[-89.253,37.1893],[-89.2521,37.1889],[-89.2559,37.1881],[-89.2582,37.1857],[-89.2579,37.1842],[-89.2592,37.1844],[-89.2608,37.1831],[-89.2647,37.1844],[-89.2659,37.1837],[-89.2673,37.1805],[-89.2647,37.1785],[-89.2659,37.176],[-89.2635,37.1755],[-89.2666,37.1715],[-89.2665,37.1708],[-89.2644,37.17],[-89.2631,37.1709],[-89.2618,37.1699],[-89.2613,37.1667],[-89.2629,37.1637],[-89.2667,37.1635],[-89.2671,37.1618],[-89.2694,37.1612],[-89.269,37.1595],[-89.2679,37.1589],[-89.2595,37.1591],[-89.2568,37.1611],[-89.2566,37.1599],[-89.2596,37.155],[-89.2601,37.1515],[-89.2579,37.1466],[-89.2588,37.1437],[-89.2662,37.1404],[-89.2678,37.1383],[-89.2686,37.1333],[-89.2723,37.1295],[-89.2736,37.127],[-89.2727,37.1242],[-89.2692,37.1225],[-89.2681,37.1199],[-89.2695,37.1188],[-89.2653,37.1174],[-89.267,37.1157],[-89.2626,37.1146],[-89.2628,37.1127],[-89.2651,37.1135],[-89.2657,37.1108],[-89.2635,37.1087],[-89.2618,37.1086],[-89.2611,37.1075],[-89.2612,37.1051],[-89.258,37.1027],[-89.2566,37.1039],[-89.254,37.1033],[-89.253,37.1017],[-89.254,37.0994],[-89.2506,37.0997],[-89.2492,37.0988],[-89.248,37.1001],[-89.244,37.1006],[-89.2422,37.0949],[-89.2411,37.0948],[-89.2414,37.0968],[-89.2399,37.0967],[-89.2377,37.0948],[-89.2379,37.0938],[-89.2399,37.0928],[-89.239,37.0923],[-89.2356,37.093],[-89.2345,37.0906],[-89.2317,37.0899],[-89.2282,37.0917],[-89.2257,37.0918],[-89.2137,37.0896],[-89.2053,37.0861],[-89.2021,37.0859],[-89.202,37.088],[-89.2003,37.0887],[-89.1955,37.0886],[-89.1956,37.0871],[-89.1972,37.0858],[-89.1927,37.0845],[-89.1877,37.0803],[-89.1846,37.0791],[-89.1806,37.0721],[-89.1808,37.0701],[-89.1796,37.0691],[-89.1766,37.0689],[-89.1735,37.0701],[-89.1719,37.0682],[-89.1757,37.0621],[-89.1794,37.053],[-89.1814,37.0463],[-89.1825,37.0373],[-89.1808,37.0268],[-89.179,37.0209],[-89.1736,37.0114],[-89.1664,37.0033],[-89.1384,36.9851],[-89.1327,36.9822],[-89.1408,36.9794],[-89.1499,36.9776],[-89.1618,36.9728],[-89.17,36.9703],[-89.1772,36.9709],[-89.1855,36.9735],[-89.1921,36.98],[-89.195,36.9898],[-89.195,37.0001],[-89.1985,37.0117],[-89.2008,37.0162],[-89.205,37.02],[-89.2255,37.0311],[-89.2341,37.0373],[-89.2383,37.0429],[-89.2456,37.0578],[-89.2549,37.072],[-89.2599,37.0641],[-89.2804,37.0652],[-89.2835,37.0658],[-89.2837,37.0667],[-89.294,37.0673],[-89.3077,37.0697],[-89.3083,37.0684],[-89.3108,37.0579],[-89.3094,37.0538],[-89.3048,37.0476],[-89.3014,37.045],[-89.2912,37.0404],[-89.2777,37.0361],[-89.2663,37.0287],[-89.26,37.0233],[-89.2576,37.0155],[-89.2635,37.0],[-89.2662,36.9963],[-89.2696,36.9934],[-89.2786,36.9887],[-89.2921,36.9922],[-89.3172,37.0128],[-89.323,37.0161],[-89.346,37.0255],[-89.3624,37.0302],[-89.3783,37.0396],[-89.3839,37.0464],[-89.3854,37.0551],[-89.3852,37.0577],[-89.3789,37.0705],[-89.3757,37.0805],[-89.3756,37.0859],[-89.3787,37.0946],[-89.3842,37.1033],[-89.388,37.1075],[-89.4117,37.1225],[-89.4256,37.1382],[-89.4352,37.1521],[-89.4383,37.1613],[-89.4561,37.1881],[-89.4619,37.1995],[-89.4676,37.2182],[-89.4675,37.2218],[-89.4583,37.2404],[-89.4578,37.2426],[-89.4588,37.2487],[-89.4627,37.2515],[-89.4705,37.2534],[-89.4792,37.2531],[-89.4899,37.2513],[-89.5068,37.2685],[-89.5139,37.2772],[-89.517,37.2819],[-89.5183,37.2855],[-89.5184,37.2894]]]}},{"type":"Feature","properties":{"fips":"17005","name":"Bond"},"geometry":{"type":"Polygon","coordinates":[[[-89.6393,38.9991],[-89.5861,38.9995],[-89.5863,39.0283],[-89.4733,39.0278],[-89.2503,39.0282],[-89.2503,38.9992],[-89.2574,38.9992],[-89.2542,38.7419],[-89.482,38.7405],[-89.5973,38.7432],[-89.5996,38.8745],[-89.6369,38.8743],[-89.6379,38.9184],[-89.637,38.9184],[-89.638,38.9332],[-89.6393,38.9991]]]}},{"type":"Feature","properties":{"fips":"17007","name":"Boone"},"geometry":{"type":"Polygon","coordinates":[[[-88.941,42.2394],[-88.9402,42.3267],[-88.9404,42.495],[-88.7867,42.492],[-88.7074,42.4936],[-88.7059,42.415],[-88.7056,42.1535],[-88.9397,42.1523],[-88.941,42.2394]]]}},{"type":"Feature","properties":{"fips":"17009","name":"Brown"},"geometry":{"type":"Polygon","coordinates":[[[-90.917,39.9022],[-90.9165,39.9166],[-90.9147,39.9301],[-90.9147,40.018],[-90.9135,40.1045],[-90.7962,40.1059],[-90.696,40.104],[-90.6972,40.1028],[-90.6962,40.1012],[-90.6995,40.0975],[-90.6999,40.0944],[-90.7056,40.0928],[-90.7081,40.0933],[-90.7093,40.092],[-90.7092,40.0904],[-90.7079,40.0892],[-90.7052,40.0885],[-90.7044,40.0867],[-90.7058,40.0849],[-90.6997,40.0811],[-90.6945,40.0794],[-90.6861,40.0788],[-90.6728,40.0808],[-90.672,40.0801],[-90.6715,40.0774],[-90.6764,40.0673],[-90.6767,40.065],[-90.675,40.0636],[-90.6749,40.0618],[-90.6776,40.0599],[-90.6756,40.0567],[-90.678,40.0528],[-90.6751,40.046],[-90.6701,40.0438],[-90.6687,40.044],[-90.668,40.0461],[-90.6651,40.0469],[-90.6615,40.0466],[-90.6597,40.0452],[-90.6594,40.0412],[-90.6532,40.0406],[-90.6521,40.0392],[-90.6543,40.035],[-90.6534,40.0331],[-90.6456,40.0303],[-90.6335,40.029],[-90.6304,40.0237],[-90.6261,40.0257],[-90.6161,40.0273],[-90.6117,40.0329],[-90.61,40.0323],[-90.6073,40.0295],[-90.6057,40.0251],[-90.6073,40.0208],[-90.6113,40.0176],[-90.6134,40.0199],[-90.6169,40.0205],[-90.619,40.0153],[-90.6176,40.0122],[-90.6163,40.0128],[-90.6097,40.0088],[-90.6082,40.0069],[-90.6033,40.0049],[-90.6019,40.0033],[-90.6031,39.9966],[-90.606,39.9912],[-90.6058,39.9873],[-90.6078,39.9829],[-90.6071,39.9817],[-90.598,39.9811],[-90.5959,39.98],[-90.5855,39.9788],[-90.5789,39.9813],[-90.5675,39.9838],[-90.5608,39.9826],[-90.5503,39.9834],[-90.5436,39.9804],[-90.5415,39.9807],[-90.5393,39.9837],[-90.5367,39.984],[-90.5341,39.9825],[-90.5296,39.9851],[-90.5287,39.9831],[-90.526,39.9823],[-90.5239,39.9833],[-90.5245,39.9852],[-90.5275,39.987],[-90.5207,39.9883],[-90.5199,39.9877],[-90.5201,39.9859],[-90.5157,39.9844],[-90.5152,39.987],[-90.5137,39.9879],[-90.5122,39.9839],[-90.5118,39.9771],[-90.5104,39.972],[-90.5111,39.9676],[-90.514,39.9641],[-90.5215,39.9586],[-90.525,39.9525],[-90.5321,39.946],[-90.5331,39.9406],[-90.5361,39.9347],[-90.5369,39.93],[-90.5369,39.9219],[-90.5382,39.9182],[-90.5415,39.914],[-90.5543,39.9014],[-90.5651,39.896],[-90.5718,39.8943],[-90.5756,39.8913],[-90.5772,39.8895],[-90.5806,39.8812],[-90.5849,39.875],[-90.5861,39.8714],[-90.585,39.8637],[-90.5824,39.8546],[-90.5794,39.8485],[-90.5714,39.839],[-90.7994,39.841],[-90.8943,39.8411],[-90.9167,39.8449],[-90.917,39.9022]]]}},{"type":"Feature","properties":{"fips":"17011","name":"Bureau"},"geometry":{"type":"Polygon","coordinates":[[[-89.8624,41.584],[-89.6187,41.585],[-89.1666,41.5853],[-89.1664,41.4816],[-89.1637,41.3102],[-89.1664,41.3091],[-89.1807,41.3092],[-89.2031,41.3123],[-89.2249,41.3131],[-89.2398,41.3177],[-89.2494,41.3193],[-89.2554,41.3219],[-89.2591,41.3225],[-89.2689,41.3218],[-89.2717,41.3206],[-89.2835,41.3124],[-89.2927,41.311],[-89.3048,41.307],[-89.338,41.2997],[-89.3419,41.2954],[-89.3424,41.2932],[-89.3373,41.2838],[-89.3371,41.2817],[-89.3399,41.2743],[-89.3482,41.2593],[-89.3567,41.233],[-89.4664,41.2339],[-89.4661,41.1485],[-89.6385,41.1485],[-89.6387,41.2339],[-89.8576,41.2345],[-89.8566,41.321],[-89.8574,41.5184],[-89.8591,41.5185],[-89.8624,41.584]]]}},{"type":"Feature","properties":{"fips":"17013","name":"Calhoun"},"geometry":{"type":"Polygon","coordinates":[[[-90.9368,39.3995],[-90.9112,39.3996],[-90.9083,39.4003],[-90.7628,39.3991],[-90.6874,39.3964],[-90.6138,39.3954],[-90.6173,39.3857],[-90.6208,39.3812],[-90.6202,39.3757],[-90.6223,39.3651],[-90.6196,39.3491],[-90.6129,39.3245],[-90.6113,39.3115],[-90.6083,39.3036],[-90.6024,39.2927],[-90.6024,39.2875],[-90.6063,39.2798],[-90.6074,39.2697],[-90.6093,39.2639],[-90.6098,39.2598],[-90.6075,39.254],[-90.6048,39.25],[-90.598,39.2433],[-90.5972,39.2351],[-90.5923,39.2182],[-90.593,39.21],[-90.5912,39.1986],[-90.5935,39.1932],[-90.5975,39.1875],[-90.5989,39.1815],[-90.6001,39.1798],[-90.6084,39.1732],[-90.612,39.1673],[-90.6146,39.1538],[-90.615,39.1455],[-90.6145,39.1423],[-90.6112,39.1332],[-90.6052,39.1229],[-90.6036,39.1176],[-90.6033,39.1107],[-90.5936,39.0906],[-90.5893,39.076],[-90.5814,39.0657],[-90.5813,39.0631],[-90.5841,39.0587],[-90.5892,39.0543],[-90.59,39.0507],[-90.5881,39.0457],[-90.579,39.0389],[-90.5768,39.0359],[-90.5743,39.0298],[-90.5737,39.0234],[-90.5759,39.0176],[-90.5762,39.0114],[-90.5744,39.0031],[-90.5702,38.9933],[-90.5676,38.9897],[-90.5533,38.9759],[-90.5432,38.9647],[-90.5347,38.9585],[-90.5237,38.9545],[-90.5196,38.9539],[-90.5152,38.9546],[-90.5101,38.9568],[-90.5001,38.9631],[-90.4918,38.9666],[-90.4872,38.9677],[-90.4678,38.9692],[-90.4566,38.9688],[-90.4508,38.9678],[-90.4624,38.9643],[-90.4721,38.9588],[-90.4824,38.9445],[-90.4835,38.9404],[-90.4827,38.9347],[-90.487,38.926],[-90.5075,38.9028],[-90.517,38.8988],[-90.5459,38.874],[-90.5557,38.8708],[-90.5666,38.8688],[-90.5767,38.8683],[-90.5834,38.869],[-90.6251,38.8887],[-90.6285,38.8916],[-90.6359,38.9039],[-90.6473,38.9121],[-90.6635,38.9274],[-90.6634,38.9356],[-90.6672,38.9404],[-90.6692,38.9482],[-90.6759,38.9621],[-90.6764,38.9841],[-90.6782,38.9919],[-90.6821,38.9988],[-90.6877,39.0054],[-90.6924,39.0167],[-90.7006,39.0291],[-90.7079,39.0423],[-90.7116,39.0468],[-90.7136,39.054],[-90.7125,39.0571],[-90.7021,39.0656],[-90.7004,39.0718],[-90.6827,39.0883],[-90.682,39.0901],[-90.6811,39.1006],[-90.6861,39.1178],[-90.6949,39.1297],[-90.7029,39.1387],[-90.7079,39.1509],[-90.7091,39.1551],[-90.7105,39.1764],[-90.7144,39.1853],[-90.7174,39.1974],[-90.7166,39.2104],[-90.7171,39.2139],[-90.7218,39.2241],[-90.7216,39.2327],[-90.727,39.2512],[-90.73,39.2559],[-90.734,39.2591],[-90.7391,39.2619],[-90.7489,39.2641],[-90.7516,39.2654],[-90.7676,39.28],[-90.7757,39.2928],[-90.7838,39.2972],[-90.7907,39.3029],[-90.7917,39.307],[-90.7935,39.3095],[-90.7993,39.3131],[-90.8169,39.3205],[-90.8401,39.3404],[-90.8475,39.3453],[-90.8591,39.3514],[-90.8938,39.3673],[-90.9001,39.3724],[-90.9027,39.3754],[-90.9029,39.3775],[-90.9049,39.3794],[-90.908,39.3808],[-90.921,39.3837],[-90.9287,39.3875],[-90.934,39.3921],[-90.9368,39.3995]]]}},{"type":"Feature","properties":{"fips":"17015","name":"Carroll"},"geometry":{"type":"Polygon","coordinates":[[[-90.3173,42.1936],[-90.1555,42.1968],[-89.8608,42.1967],[-89.8606,42.198],[-89.7467,42.198],[-89.6885,42.1991],[-89.686,42.112],[-89.6847,42.0256],[-89.6853,42.0243],[-89.6865,41.9369],[-89.6854,41.9303],[-89.978,41.9312],[-90.1518,41.9289],[-90.1516,41.931],[-90.1527,41.9331],[-90.1638,41.9449],[-90.1649,41.9489],[-90.1641,41.9562],[-90.1621,41.9613],[-90.1538,41.9741],[-90.1486,41.9783],[-90.1462,41.9813],[-90.146,41.9881],[-90.1406,41.996],[-90.1401,42.0033],[-90.1412,42.0089],[-90.1438,42.0149],[-90.1481,42.02],[-90.1516,42.0306],[-90.1588,42.0378],[-90.1634,42.0404],[-90.1645,42.0421],[-90.1656,42.0626],[-90.1684,42.0758],[-90.1634,42.0876],[-90.1615,42.0989],[-90.1612,42.1064],[-90.1619,42.1138],[-90.1629,42.1167],[-90.1675,42.1225],[-90.171,42.1252],[-90.1905,42.1258],[-90.1973,42.1282],[-90.2014,42.1309],[-90.2054,42.1391],[-90.2074,42.1491],[-90.2095,42.1527],[-90.2161,42.1567],[-90.2349,42.1654],[-90.2501,42.1715],[-90.2691,42.1745],[-90.2822,42.1788],[-90.2984,42.1876],[-90.3173,42.1936]]]}},{"type":"Feature","properties":{"fips":"17017","name":"Cass"},"geometry":{"type":"Polygon","coordinates":[[[-90.5835,39.8767],[-90.5806,39.8812],[-90.5772,39.8895],[-90.5756,39.8913],[-90.5718,39.8943],[-90.5651,39.896],[-90.5543,39.9014],[-90.5415,39.914],[-90.5382,39.9182],[-90.5369,39.9219],[-90.5369,39.93],[-90.5361,39.9347],[-90.5331,39.9406],[-90.5321,39.946],[-90.525,39.9525],[-90.5215,39.9586],[-90.514,39.9641],[-90.5111,39.9676],[-90.5104,39.972],[-90.5118,39.9771],[-90.5122,39.9839],[-90.5137,39.9879],[-90.5134,39.9909],[-90.5109,39.9938],[-90.5043,39.997],[-90.4843,40.0034],[-90.4748,40.0046],[-90.4535,40.011],[-90.4373,40.0196],[-90.435,40.0215],[-90.4335,40.0244],[-90.4322,40.0323],[-90.429,40.042],[-90.4288,40.0505],[-90.4297,40.0561],[-90.4286,40.0603],[-90.4248,40.0633],[-90.3984,40.075],[-90.3934,40.0788],[-90.3913,40.0841],[-90.3936,40.0896],[-90.3934,40.0919],[-90.384,40.1034],[-90.3814,40.1105],[-90.3789,40.115],[-90.3743,40.1212],[-90.3708,40.1232],[-90.3648,40.125],[-90.3601,40.1252],[-90.3545,40.1242],[-90.3537,40.1225],[-90.3524,40.1222],[-90.35,40.1232],[-90.3506,40.1222],[-90.35,40.1186],[-90.3488,40.1179],[-90.3439,40.118],[-90.3424,40.1168],[-90.342,40.1178],[-90.3393,40.1191],[-90.3388,40.1212],[-90.337,40.1225],[-90.3358,40.1224],[-90.3353,40.1194],[-90.3334,40.1181],[-90.3335,40.1203],[-90.329,40.1202],[-90.3285,40.1193],[-90.3227,40.117],[-90.3193,40.1171],[-90.3148,40.1157],[-90.3138,40.1148],[-90.3139,40.1129],[-90.3154,40.1117],[-90.3142,40.1101],[-90.3138,40.107],[-90.3126,40.1063],[-90.3128,40.1031],[-90.3091,40.0982],[-90.3071,40.0969],[-90.3066,40.0927],[-90.3049,40.0935],[-90.3033,40.0928],[-90.3024,40.0886],[-90.303,40.0846],[-90.301,40.0835],[-90.3045,40.0818],[-90.305,40.0779],[-90.3021,40.076],[-90.2998,40.0764],[-90.298,40.0757],[-90.2925,40.0697],[-90.2906,40.0689],[-90.2917,40.0655],[-90.2932,40.0645],[-90.2923,40.0635],[-90.2901,40.0642],[-90.2878,40.0638],[-90.2869,40.0621],[-90.2884,40.0605],[-90.2889,40.0587],[-90.2856,40.0578],[-90.2857,40.0557],[-90.2762,40.0567],[-90.2734,40.0547],[-90.2723,40.0549],[-90.2702,40.0575],[-90.2696,40.0612],[-90.2658,40.0621],[-90.2647,40.0611],[-90.2612,40.0615],[-90.2604,40.0593],[-90.2567,40.0589],[-90.254,40.0571],[-90.2505,40.0582],[-90.2473,40.0566],[-90.2472,40.0587],[-90.2449,40.061],[-90.2434,40.0609],[-90.2444,40.0593],[-90.2436,40.0579],[-90.2392,40.0581],[-90.2358,40.0609],[-90.2341,40.0609],[-90.2358,40.0583],[-90.2299,40.057],[-90.2279,40.0516],[-90.2267,40.0521],[-90.2268,40.0541],[-90.2254,40.055],[-90.2227,40.0551],[-90.2194,40.054],[-90.2181,40.0513],[-90.2163,40.0515],[-90.216,40.0542],[-90.2147,40.0555],[-90.2161,40.0563],[-90.2133,40.0592],[-90.2117,40.0588],[-90.2121,40.0561],[-90.2115,40.0553],[-90.2097,40.0565],[-90.2086,40.0597],[-90.2068,40.0602],[-90.206,40.0595],[-90.2068,40.0554],[-90.2036,40.0529],[-90.2016,40.054],[-90.1947,40.0538],[-90.1949,40.0562],[-90.1924,40.0573],[-90.1921,40.06],[-90.1896,40.0601],[-90.1888,40.0612],[-90.1863,40.0616],[-90.1865,40.063],[-90.1895,40.0654],[-90.1878,40.0658],[-90.1861,40.0644],[-90.1847,40.0646],[-90.1842,40.0666],[-90.1827,40.067],[-90.1817,40.0661],[-90.1829,40.0626],[-90.1797,40.0639],[-90.1779,40.0632],[-90.1765,40.0601],[-90.1734,40.0604],[-90.1724,40.0617],[-90.1703,40.0616],[-90.1694,40.0597],[-90.1677,40.0608],[-90.1606,40.0608],[-90.16,40.063],[-90.1581,40.0627],[-90.1564,40.0612],[-90.1541,40.0662],[-90.1497,40.0652],[-90.1503,40.0676],[-90.1449,40.0667],[-90.143,40.0645],[-90.1411,40.0644],[-90.1398,40.0659],[-90.1383,40.066],[-90.1381,40.0647],[-90.1392,40.0633],[-90.1348,40.0623],[-90.1338,40.065],[-90.1321,40.0665],[-90.133,40.0685],[-90.1301,40.0688],[-90.1304,40.0708],[-90.1268,40.0766],[-90.1227,40.0775],[-90.1216,40.0765],[-90.116,40.0787],[-90.1162,40.0808],[-90.1142,40.08],[-90.1129,40.081],[-90.11,40.0782],[-90.1086,40.0795],[-90.1066,40.0781],[-90.1049,40.0784],[-90.1043,40.0803],[-90.1026,40.0802],[-90.1015,40.078],[-90.0992,40.0778],[-90.0954,40.0811],[-90.0936,40.0805],[-90.0963,40.0778],[-90.0944,40.0771],[-90.0912,40.0806],[-90.0876,40.0798],[-90.0875,40.0813],[-90.0885,40.0829],[-90.088,40.084],[-90.0812,40.0801],[-90.0801,40.0809],[-90.0801,40.0831],[-90.0811,40.0849],[-90.0802,40.0858],[-90.0781,40.0853],[-90.0777,40.086],[-90.0794,40.0873],[-90.0742,40.0902],[-90.0702,40.09],[-90.07,40.0911],[-90.0718,40.0939],[-90.0657,40.0934],[-90.0652,40.0948],[-90.0658,40.0969],[-90.0647,40.1001],[-90.0629,40.1008],[-90.0562,40.1003],[-90.053,40.0991],[-90.0511,40.0996],[-90.0506,40.1034],[-90.0434,40.1088],[-90.041,40.109],[-90.0393,40.1073],[-90.0392,40.1026],[-90.0374,40.1034],[-90.035,40.1082],[-90.0317,40.1107],[-90.031,40.1087],[-90.0323,40.1061],[-90.0319,40.1055],[-90.0236,40.1047],[-90.0202,40.1056],[-90.0199,40.1046],[-90.0208,40.1036],[-90.0186,40.1032],[-90.0177,40.1021],[-90.0161,40.1021],[-90.0152,40.103],[-90.0137,40.1027],[-90.0129,40.1008],[-90.0117,40.101],[-90.0106,40.1039],[-90.008,40.1033],[-90.0059,40.1045],[-90.0061,40.1076],[-90.0049,40.109],[-90.0033,40.1093],[-90.002,40.1036],[-89.9998,40.1033],[-89.9998,40.1081],[-89.9979,40.1107],[-89.9976,40.1128],[-89.9963,40.1125],[-89.9951,40.1108],[-89.9944,39.8729],[-90.2393,39.8732],[-90.5835,39.8767]]]}},{"type":"Feature","properties":{"fips":"17019","name":"Champaign"},"geometry":{"type":"Polygon","coordinates":[[[-88.4636,40.2233],[-88.4607,40.2233],[-88.46,40.3988],[-88.347,40.3984],[-88.1174,40.4006],[-88.0023,40.4005],[-87.9903,40.3992],[-87.9324,40.3994],[-87.93,40.3134],[-87.9288,40.2256],[-87.9421,40.2255],[-87.9392,40.0545],[-87.9376,39.8798],[-88.0095,39.8794],[-88.1227,39.8802],[-88.2364,39.8791],[-88.4622,39.8791],[-88.4636,40.2233]]]}},{"type":"Feature","properties":{"fips":"17021","name":"Christian"},"geometry":{"type":"Polygon","coordinates":[[[-89.535,39.6411],[-89.4785,39.6408],[-89.4789,39.684],[-89.4251,39.6837],[-89.4252,39.762],[-89.4202,39.7614],[-89.4178,39.7592],[-89.4173,39.7575],[-89.4189,39.7569],[-89.4197,39.7551],[-89.4186,39.7543],[-89.4196,39.753],[-89.4192,39.7514],[-89.4102,39.744],[-89.4076,39.7431],[-89.3971,39.7422],[-89.3938,39.7432],[-89.3859,39.75],[-89.3863,39.7518],[-89.3842,39.754],[-89.3798,39.7538],[-89.3788,39.7555],[-89.3737,39.7587],[-89.3725,39.7581],[-89.3713,39.7551],[-89.3685,39.7569],[-89.3652,39.7572],[-89.3629,39.7556],[-89.3604,39.7606],[-89.3589,39.7618],[-89.36,39.7675],[-89.3581,39.7706],[-89.3559,39.7706],[-89.3541,39.7721],[-89.3527,39.7696],[-89.35,39.7696],[-89.3455,39.7673],[-89.3416,39.7669],[-89.3292,39.7636],[-89.3271,39.7645],[-89.3273,39.7662],[-89.3253,39.7662],[-89.3252,39.7673],[-89.3286,39.7676],[-89.3292,39.7688],[-89.3279,39.7697],[-89.3223,39.7719],[-89.3178,39.7708],[-89.3155,39.7719],[-89.3145,39.7712],[-89.3126,39.7713],[-89.3078,39.7744],[-89.3031,39.7758],[-89.3004,39.7784],[-89.3014,39.7798],[-89.2996,39.7828],[-89.2983,39.7833],[-89.2997,39.7845],[-89.297,39.7895],[-89.2916,39.7901],[-89.2926,39.7923],[-89.2921,39.7928],[-89.2893,39.792],[-89.2854,39.7939],[-89.2834,39.7939],[-89.2827,39.7946],[-89.2837,39.7958],[-89.2818,39.7966],[-89.2812,39.799],[-89.2795,39.7989],[-89.2785,39.8001],[-89.2764,39.7991],[-89.2721,39.8011],[-89.2714,39.8029],[-89.2654,39.8064],[-89.2646,39.8043],[-89.2625,39.8044],[-89.2598,39.8068],[-89.26,39.808],[-89.2572,39.8098],[-89.2567,39.8131],[-89.254,39.8167],[-89.2519,39.8226],[-89.2485,39.8257],[-89.2462,39.8259],[-89.2428,39.8232],[-89.2401,39.8231],[-89.2403,39.8218],[-89.2383,39.8211],[-89.2362,39.8218],[-89.2371,39.8199],[-89.2355,39.8189],[-89.2362,39.8176],[-89.2347,39.8174],[-89.2343,39.8163],[-89.2316,39.816],[-89.2342,39.8151],[-89.2342,39.8131],[-89.2282,39.8132],[-89.2253,39.815],[-89.2202,39.8129],[-89.2128,39.8137],[-89.2128,39.8155],[-89.1892,39.8155],[-89.1893,39.8175],[-89.1882,39.8175],[-89.1846,39.816],[-89.1799,39.8154],[-89.1799,39.8119],[-89.1703,39.8119],[-89.1689,39.8095],[-89.1652,39.808],[-89.1607,39.8054],[-89.1607,39.8047],[-89.1515,39.8048],[-89.1515,39.8012],[-89.142,39.8013],[-89.1391,39.6551],[-89.0257,39.6546],[-89.024,39.5231],[-89.0264,39.4352],[-89.0249,39.4352],[-89.0254,39.3459],[-89.1398,39.3489],[-89.5308,39.3489],[-89.535,39.6411]]]}},{"type":"Feature","properties":{"fips":"17023","name":"Clark"},"geometry":{"type":"Polygon","coordinates":[[[-88.0139,39.4808],[-87.9039,39.4819],[-87.7928,39.4855],[-87.6876,39.4874],[-87.6893,39.4768],[-87.5317,39.4771],[-87.5316,39.3481],[-87.5324,39.3479],[-87.5373,39.3521],[-87.544,39.3529],[-87.5459,39.3521],[-87.5495,39.3477],[-87.5503,39.3433],[-87.5544,39.3405],[-87.5607,39.3389],[-87.5741,39.3414],[-87.5849,39.3373],[-87.5891,39.3338],[-87.5967,39.322],[-87.6007,39.3185],[-87.6059,39.3111],[-87.6126,39.3086],[-87.6205,39.3071],[-87.6212,39.3042],[-87.619,39.3017],[-87.615,39.3009],[-87.6053,39.3032],[-87.5984,39.3001],[-87.5973,39.297],[-87.5999,39.2936],[-87.6088,39.2867],[-87.6099,39.2814],[-87.6094,39.2785],[-87.6073,39.2762],[-87.6019,39.2752],[-87.6015,39.2722],[-87.6056,39.2624],[-87.6049,39.2602],[-87.5981,39.2541],[-87.5935,39.2475],[-87.5911,39.2473],[-87.5872,39.2496],[-87.5852,39.2531],[-87.5807,39.2552],[-87.5734,39.2546],[-87.5713,39.2514],[-87.5731,39.2467],[-87.5782,39.2448],[-87.5793,39.2436],[-87.5776,39.2392],[-87.5746,39.2184],[-87.577,39.2111],[-87.585,39.2053],[-87.5866,39.1996],[-87.5942,39.1949],[-87.6001,39.1934],[-87.603,39.1913],[-87.6052,39.1859],[-87.611,39.1841],[-87.6186,39.1864],[-87.6204,39.1852],[-87.6214,39.1789],[-87.6208,39.1748],[-87.6194,39.1721],[-87.6205,39.1703],[-87.625,39.1693],[-87.6365,39.1688],[-87.6404,39.1667],[-87.6421,39.1625],[-87.6414,39.1604],[-87.6374,39.159],[-87.6304,39.1583],[-87.6294,39.1575],[-87.657,39.1579],[-87.6569,39.1722],[-87.7471,39.1724],[-87.7462,39.1792],[-88.0078,39.1739],[-88.0139,39.4808]]]}},{"type":"Feature","properties":{"fips":"17025","name":"Clay"},"geometry":{"type":"Polygon","coordinates":[[[-88.6982,38.625],[-88.6976,38.7086],[-88.6935,38.9146],[-88.5799,38.9154],[-88.3617,38.9108],[-88.3618,38.8521],[-88.2586,38.8475],[-88.2578,38.7309],[-88.2835,38.7318],[-88.2822,38.7313],[-88.2827,38.7298],[-88.285,38.7275],[-88.2871,38.7279],[-88.2865,38.727],[-88.2826,38.7256],[-88.2846,38.7244],[-88.2836,38.7231],[-88.2861,38.7202],[-88.2843,38.7198],[-88.2816,38.7204],[-88.2864,38.7181],[-88.2862,38.716],[-88.2846,38.7159],[-88.2828,38.7168],[-88.2823,38.7162],[-88.283,38.7144],[-88.2849,38.7135],[-88.2834,38.7125],[-88.2843,38.7111],[-88.2863,38.711],[-88.2841,38.7096],[-88.2845,38.7087],[-88.2824,38.7082],[-88.2829,38.7076],[-88.2854,38.7081],[-88.2858,38.7065],[-88.2841,38.7058],[-88.2862,38.705],[-88.2859,38.7036],[-88.2841,38.7027],[-88.2863,38.7021],[-88.2848,38.7],[-88.2854,38.699],[-88.2833,38.6993],[-88.283,38.6962],[-88.2815,38.6957],[-88.2821,38.6949],[-88.2849,38.6949],[-88.2848,38.6929],[-88.2819,38.6907],[-88.2823,38.69],[-88.2843,38.69],[-88.2852,38.6887],[-88.2836,38.6883],[-88.284,38.687],[-88.2819,38.6832],[-88.2845,38.6816],[-88.279,38.6768],[-88.2781,38.6746],[-88.2798,38.6723],[-88.2794,38.6697],[-88.2764,38.6694],[-88.2762,38.668],[-88.2744,38.6669],[-88.2748,38.6655],[-88.2731,38.6652],[-88.2723,38.6636],[-88.2728,38.6625],[-88.2752,38.6622],[-88.2759,38.6614],[-88.2746,38.6604],[-88.2766,38.6593],[-88.2731,38.6579],[-88.2743,38.6561],[-88.2768,38.6552],[-88.2754,38.6545],[-88.2798,38.6532],[-88.2829,38.6504],[-88.2845,38.6501],[-88.2842,38.6487],[-88.287,38.6471],[-88.288,38.6454],[-88.2909,38.644],[-88.2909,38.6432],[-88.2878,38.6436],[-88.287,38.6427],[-88.2934,38.642],[-88.2941,38.6411],[-88.2937,38.64],[-88.296,38.6385],[-88.2953,38.6367],[-88.2975,38.6347],[-88.2893,38.6301],[-88.2887,38.629],[-88.2894,38.6281],[-88.2923,38.6275],[-88.2921,38.6262],[-88.2864,38.6251],[-88.2844,38.6265],[-88.2809,38.6246],[-88.2833,38.6239],[-88.2831,38.6224],[-88.2858,38.6211],[-88.2859,38.6193],[-88.2831,38.6183],[-88.2825,38.617],[-88.281,38.6169],[-88.2788,38.6176],[-88.2795,38.6205],[-88.278,38.6204],[-88.2765,38.6187],[-88.2777,38.618],[-88.2783,38.6164],[-88.2766,38.6159],[-88.2726,38.6197],[-88.2693,38.6184],[-88.2694,38.6174],[-88.2713,38.6167],[-88.2721,38.6137],[-88.2711,38.612],[-88.2671,38.6127],[-88.2651,38.611],[-88.2631,38.6107],[-88.2634,38.6091],[-88.2628,38.6085],[-88.2611,38.6096],[-88.2593,38.609],[-88.2606,38.6075],[-88.259,38.6064],[-88.2572,38.6071],[-88.2526,38.6056],[-88.252,38.6037],[-88.2491,38.6015],[-88.2508,38.6],[-88.2536,38.6004],[-88.254,38.5995],[-88.2575,38.5991],[-88.3642,38.6025],[-88.4198,38.6029],[-88.5845,38.6073],[-88.6985,38.6061],[-88.6982,38.625]]]}},{"type":"Feature","properties":{"fips":"17027","name":"Clinton"},"geometry":{"type":"Polygon","coordinates":[[[-89.7069,38.655],[-89.5951,38.6559],[-89.5973,38.7432],[-89.482,38.7405],[-89.2542,38.742],[-89.1384,38.7363],[-89.1396,38.6488],[-89.1439,38.5031],[-89.2181,38.5065],[-89.2549,38.5086],[-89.2549,38.5093],[-89.2565,38.5083],[-89.2588,38.5091],[-89.2603,38.5073],[-89.264,38.5105],[-89.2657,38.509],[-89.2658,38.5074],[-89.2699,38.5069],[-89.2706,38.5061],[-89.269,38.5053],[-89.27,38.5049],[-89.2716,38.5062],[-89.2721,38.5044],[-89.2731,38.5045],[-89.2729,38.5072],[-89.2741,38.5066],[-89.2745,38.505],[-89.2779,38.5052],[-89.2767,38.5074],[-89.2783,38.5078],[-89.2795,38.5056],[-89.2806,38.5056],[-89.2805,38.5081],[-89.2841,38.5062],[-89.2847,38.507],[-89.284,38.5083],[-89.2847,38.5095],[-89.2863,38.5084],[-89.2877,38.5093],[-89.2901,38.5083],[-89.2891,38.507],[-89.2891,38.5054],[-89.2922,38.506],[-89.2919,38.508],[-89.2951,38.5072],[-89.2931,38.5054],[-89.2947,38.505],[-89.2952,38.5065],[-89.2964,38.5057],[-89.2966,38.5069],[-89.2985,38.5056],[-89.2997,38.5079],[-89.2979,38.5091],[-89.3017,38.5083],[-89.3,38.5109],[-89.3033,38.5094],[-89.304,38.5105],[-89.3055,38.5097],[-89.3077,38.5103],[-89.3074,38.5086],[-89.3087,38.5088],[-89.3089,38.511],[-89.3096,38.5108],[-89.3093,38.5092],[-89.3101,38.5089],[-89.3108,38.5124],[-89.313,38.5112],[-89.3151,38.5119],[-89.316,38.5089],[-89.3173,38.5086],[-89.319,38.5102],[-89.3202,38.5096],[-89.3219,38.5113],[-89.3231,38.5105],[-89.323,38.513],[-89.3249,38.5124],[-89.3252,38.5114],[-89.3265,38.5119],[-89.3252,38.5132],[-89.3268,38.5135],[-89.3277,38.5117],[-89.3289,38.5116],[-89.3284,38.5106],[-89.3295,38.5102],[-89.3309,38.5111],[-89.3326,38.5101],[-89.3308,38.5122],[-89.3352,38.5121],[-89.3358,38.511],[-89.3384,38.5117],[-89.3372,38.5128],[-89.3395,38.5134],[-89.3423,38.5118],[-89.3424,38.5105],[-89.3439,38.5107],[-89.3455,38.5129],[-89.3463,38.5123],[-89.3453,38.51],[-89.3466,38.5105],[-89.3471,38.5133],[-89.3452,38.5134],[-89.3449,38.5143],[-89.3471,38.515],[-89.3474,38.5164],[-89.3508,38.5168],[-89.3499,38.5178],[-89.3513,38.5188],[-89.3532,38.5187],[-89.3549,38.5179],[-89.3544,38.5165],[-89.3563,38.517],[-89.3561,38.5179],[-89.3589,38.5176],[-89.3587,38.5164],[-89.3573,38.5156],[-89.3576,38.5148],[-89.3596,38.5156],[-89.3602,38.5168],[-89.3612,38.5145],[-89.3602,38.511],[-89.359,38.511],[-89.3592,38.5088],[-89.3608,38.5087],[-89.3637,38.5105],[-89.364,38.5086],[-89.3663,38.5078],[-89.3636,38.5072],[-89.3628,38.508],[-89.3615,38.5078],[-89.3611,38.506],[-89.366,38.5057],[-89.3666,38.5048],[-89.3679,38.5055],[-89.3682,38.5029],[-89.366,38.5034],[-89.3649,38.501],[-89.3689,38.5002],[-89.3669,38.4985],[-89.3674,38.4979],[-89.3693,38.4987],[-89.3697,38.4998],[-89.371,38.499],[-89.3718,38.4969],[-89.3734,38.4969],[-89.3721,38.5001],[-89.3731,38.5004],[-89.3755,38.4992],[-89.3757,38.4979],[-89.3782,38.4969],[-89.3799,38.4944],[-89.3807,38.4949],[-89.3794,38.4972],[-89.3823,38.4974],[-89.384,38.4959],[-89.3837,38.495],[-89.3856,38.4943],[-89.387,38.4969],[-89.3882,38.497],[-89.3896,38.4948],[-89.3889,38.4941],[-89.3939,38.4951],[-89.396,38.4938],[-89.3978,38.4949],[-89.3985,38.4943],[-89.3986,38.492],[-89.396,38.4911],[-89.3959,38.4899],[-89.398,38.4902],[-89.4011,38.4891],[-89.402,38.4899],[-89.4012,38.4937],[-89.402,38.4948],[-89.4059,38.4956],[-89.4073,38.4932],[-89.4081,38.489],[-89.4101,38.4874],[-89.4122,38.4883],[-89.4172,38.4941],[-89.4262,38.4964],[-89.4278,38.4992],[-89.4306,38.4978],[-89.4346,38.494],[-89.434,38.4909],[-89.4381,38.4895],[-89.4452,38.4901],[-89.4475,38.4896],[-89.4558,38.4825],[-89.4551,38.4798],[-89.4606,38.4773],[-89.4676,38.4763],[-89.4691,38.4753],[-89.4697,38.4731],[-89.4786,38.4713],[-89.4819,38.4686],[-89.4835,38.4701],[-89.4837,38.4731],[-89.489,38.4743],[-89.4898,38.4752],[-89.4894,38.477],[-89.4915,38.4774],[-89.4933,38.4751],[-89.4901,38.4717],[-89.5012,38.4744],[-89.5053,38.4735],[-89.5073,38.4746],[-89.5085,38.4746],[-89.511,38.4726],[-89.5139,38.4725],[-89.5198,38.4745],[-89.5246,38.4795],[-89.5261,38.4791],[-89.5275,38.4773],[-89.5286,38.4776],[-89.5277,38.4804],[-89.5286,38.4811],[-89.531,38.4787],[-89.5321,38.4788],[-89.5337,38.4807],[-89.5386,38.481],[-89.5415,38.4795],[-89.5417,38.4774],[-89.5393,38.4755],[-89.54,38.4742],[-89.5434,38.475],[-89.5467,38.4744],[-89.5505,38.4772],[-89.5516,38.4752],[-89.5524,38.4757],[-89.5508,38.4775],[-89.5529,38.4781],[-89.5582,38.4775],[-89.5569,38.4757],[-89.5583,38.4747],[-89.5596,38.4753],[-89.5594,38.477],[-89.5613,38.4773],[-89.5625,38.4762],[-89.5644,38.4768],[-89.5681,38.4757],[-89.5687,38.4764],[-89.5677,38.4789],[-89.5647,38.4813],[-89.5648,38.4828],[-89.5668,38.4829],[-89.5683,38.481],[-89.5724,38.4828],[-89.5742,38.4806],[-89.5728,38.4783],[-89.5754,38.4782],[-89.5756,38.4812],[-89.5777,38.4835],[-89.5793,38.4802],[-89.5863,38.4776],[-89.5894,38.4756],[-89.5916,38.4766],[-89.5949,38.4748],[-89.5999,38.4761],[-89.6029,38.4742],[-89.6071,38.475],[-89.6127,38.4735],[-89.6155,38.4718],[-89.6167,38.4669],[-89.621,38.4663],[-89.6201,38.4638],[-89.6206,38.4625],[-89.6232,38.4608],[-89.6258,38.4604],[-89.6261,38.4614],[-89.6252,38.4625],[-89.6257,38.4642],[-89.6282,38.4642],[-89.6292,38.4627],[-89.6269,38.4576],[-89.6267,38.4537],[-89.6277,38.4507],[-89.6304,38.4498],[-89.6322,38.4522],[-89.6348,38.4516],[-89.6348,38.4496],[-89.6328,38.4479],[-89.6338,38.4472],[-89.6365,38.4481],[-89.6378,38.4503],[-89.6388,38.4496],[-89.6368,38.4463],[-89.6389,38.4452],[-89.6404,38.4453],[-89.6445,38.4481],[-89.647,38.4473],[-89.647,38.4461],[-89.6437,38.4446],[-89.6432,38.4433],[-89.6444,38.4418],[-89.6459,38.4415],[-89.6476,38.4424],[-89.655,38.4428],[-89.6596,38.4447],[-89.664,38.4454],[-89.6678,38.4428],[-89.6677,38.4404],[-89.6684,38.4404],[-89.6678,38.4381],[-89.6687,38.4356],[-89.6682,38.4349],[-89.6658,38.4351],[-89.665,38.4344],[-89.6673,38.4322],[-89.6697,38.4325],[-89.6713,38.4342],[-89.6739,38.4348],[-89.674,38.433],[-89.6717,38.4299],[-89.672,38.429],[-89.6733,38.4294],[-89.6757,38.432],[-89.6782,38.4319],[-89.6771,38.4298],[-89.6783,38.4271],[-89.6776,38.4248],[-89.6816,38.4257],[-89.6853,38.4252],[-89.6861,38.4268],[-89.6838,38.4277],[-89.6836,38.4291],[-89.6866,38.4301],[-89.6878,38.429],[-89.6877,38.4274],[-89.6903,38.4261],[-89.6923,38.4266],[-89.6964,38.4253],[-89.6967,38.4241],[-89.6947,38.421],[-89.6921,38.4198],[-89.6939,38.4185],[-89.6948,38.4167],[-89.7005,38.4158],[-89.7025,38.4165],[-89.7042,38.4158],[-89.7069,38.655]]]}},{"type":"Feature","properties":{"fips":"17029","name":"Coles"},"geometry":{"type":"Polygon","coordinates":[[[-88.4721,39.6516],[-88.1008,39.652],[-88.0635,39.6527],[-88.063,39.6813],[-88.0262,39.6817],[-88.0262,39.6849],[-87.9663,39.686],[-87.9646,39.5982],[-87.9602,39.4813],[-88.0139,39.4808],[-88.0121,39.379],[-88.0265,39.3786],[-88.0265,39.3775],[-88.1402,39.3762],[-88.1785,39.375],[-88.4342,39.3744],[-88.4532,39.3736],[-88.4708,39.3745],[-88.4704,39.4326],[-88.4721,39.6516]]]}},{"type":"Feature","properties":{"fips":"17031","name":"Cook"},"geometry":{"type":"Polygon","coordinates":[[[-88.2636,42.0669],[-88.2382,42.067],[-88.2384,42.1542],[-87.7591,42.1523],[-87.7362,42.1208],[-87.7319,42.1171],[-87.7247,42.1077],[-87.711,42.0953],[-87.6945,42.0844],[-87.6815,42.0784],[-87.6824,42.0757],[-87.6715,42.0583],[-87.6705,42.053],[-87.6732,42.048],[-87.6711,42.0427],[-87.669,42.0291],[-87.6611,42.0123],[-87.6577,42.007],[-87.654,41.989],[-87.6499,41.9785],[-87.6456,41.9714],[-87.6392,41.9662],[-87.6324,41.9653],[-87.6315,41.9635],[-87.6359,41.9614],[-87.6377,41.9623],[-87.6414,41.9617],[-87.6407,41.9539],[-87.6333,41.9424],[-87.6271,41.9171],[-87.6207,41.9132],[-87.6255,41.9105],[-87.6241,41.9042],[-87.6229,41.902],[-87.6199,41.9014],[-87.6143,41.8936],[-87.612,41.8937],[-87.6101,41.8964],[-87.6024,41.8963],[-87.6023,41.8933],[-87.6097,41.8932],[-87.6095,41.8896],[-87.6114,41.8895],[-87.6115,41.8906],[-87.6137,41.8905],[-87.6138,41.8879],[-87.6128,41.8879],[-87.6132,41.8836],[-87.6165,41.8824],[-87.6163,41.8689],[-87.6059,41.8668],[-87.6065,41.8532],[-87.6105,41.8519],[-87.6095,41.8452],[-87.6005,41.8268],[-87.5822,41.8044],[-87.5802,41.7988],[-87.5758,41.7963],[-87.5763,41.795],[-87.5795,41.7934],[-87.5763,41.786],[-87.5723,41.7811],[-87.5729,41.7793],[-87.5604,41.7684],[-87.5605,41.7655],[-87.5542,41.7606],[-87.5475,41.7585],[-87.5439,41.76],[-87.5407,41.7573],[-87.5445,41.7548],[-87.5433,41.752],[-87.5311,41.7481],[-87.5293,41.7328],[-87.5246,41.7235],[-87.5252,41.7176],[-87.529,41.7154],[-87.5266,41.7122],[-87.5282,41.7109],[-87.5242,41.7083],[-87.5257,41.4703],[-87.7903,41.4698],[-87.7904,41.5396],[-87.7921,41.5383],[-87.7928,41.5585],[-87.9094,41.5568],[-87.9119,41.6439],[-88.0277,41.6415],[-88.029,41.6852],[-87.9822,41.6861],[-87.9794,41.6873],[-87.9754,41.6865],[-87.9718,41.6872],[-87.9667,41.6867],[-87.9554,41.6931],[-87.9478,41.6951],[-87.9422,41.6991],[-87.9421,41.7027],[-87.9366,41.7054],[-87.9342,41.7085],[-87.9301,41.7102],[-87.927,41.7127],[-87.9247,41.7132],[-87.9211,41.7164],[-87.9143,41.7166],[-87.9176,41.8039],[-87.9198,41.8405],[-87.9194,41.854],[-87.9205,41.8678],[-87.9205,41.9939],[-88.0314,41.9925],[-88.1451,41.9882],[-88.2629,41.9864],[-88.2636,42.0669]]]}},{"type":"Feature","properties":{"fips":"17033","name":"Crawford"},"geometry":{"type":"Polygon","coordinates":[[[-87.9504,39.1749],[-87.7462,39.1792],[-87.7471,39.1724],[-87.6569,39.1722],[-87.657,39.1579],[-87.6294,39.1575],[-87.6277,39.1562],[-87.6287,39.1539],[-87.6316,39.153],[-87.6344,39.1534],[-87.6374,39.1568],[-87.6422,39.1571],[-87.645,39.1543],[-87.6517,39.1506],[-87.6533,39.1477],[-87.6532,39.144],[-87.6582,39.1384],[-87.6587,39.136],[-87.6552,39.1323],[-87.6431,39.1286],[-87.6422,39.1232],[-87.6409,39.1228],[-87.638,39.1234],[-87.6351,39.1223],[-87.635,39.1201],[-87.6359,39.1183],[-87.6416,39.1145],[-87.651,39.1164],[-87.6542,39.1134],[-87.655,39.1109],[-87.6528,39.1068],[-87.6492,39.1048],[-87.6446,39.1044],[-87.6386,39.1059],[-87.6327,39.1049],[-87.6184,39.1043],[-87.6149,39.1027],[-87.6139,39.0995],[-87.6155,39.0958],[-87.6204,39.0915],[-87.621,39.0881],[-87.616,39.0826],[-87.6107,39.0812],[-87.6011,39.0814],[-87.5956,39.079],[-87.5915,39.0732],[-87.5835,39.0679],[-87.5787,39.0617],[-87.5726,39.0573],[-87.5726,39.0501],[-87.5802,39.0419],[-87.5803,39.0394],[-87.575,39.0341],[-87.5699,39.0231],[-87.5697,39.0194],[-87.5738,39.0087],[-87.5789,39.0024],[-87.5787,38.9995],[-87.5754,38.9965],[-87.5671,38.9935],[-87.5629,38.9944],[-87.5604,38.9924],[-87.562,38.9895],[-87.5652,38.9888],[-87.5734,38.9914],[-87.577,38.9913],[-87.5785,38.9897],[-87.5765,38.9867],[-87.5603,38.9814],[-87.548,38.9785],[-87.5424,38.9756],[-87.5295,38.9719],[-87.527,38.9688],[-87.525,38.9638],[-87.5206,38.9598],[-87.5133,38.956],[-87.5122,38.9544],[-87.5129,38.9501],[-87.5163,38.9456],[-87.5213,38.9418],[-87.5219,38.9401],[-87.5174,38.9349],[-87.5166,38.933],[-87.5188,38.9278],[-87.5188,38.9232],[-87.5206,38.9217],[-87.5261,38.9214],[-87.5277,38.9184],[-87.526,38.9136],[-87.5279,38.9092],[-87.5273,38.9072],[-87.5243,38.9052],[-87.5177,38.9057],[-87.5167,38.9041],[-87.518,38.9027],[-87.5313,38.9018],[-87.5337,38.901],[-87.5366,38.8956],[-87.5345,38.8923],[-87.5344,38.8904],[-87.5357,38.8872],[-87.5376,38.8896],[-87.5391,38.8961],[-87.5416,38.8964],[-87.5441,38.8951],[-87.5451,38.8915],[-87.5443,38.889],[-87.5383,38.8858],[-87.5355,38.8816],[-87.5349,38.8789],[-87.5368,38.8774],[-87.5452,38.8767],[-87.5474,38.8756],[-87.5476,38.8725],[-87.5426,38.8666],[-87.5432,38.8642],[-87.5457,38.863],[-87.5521,38.8645],[-87.5534,38.8624],[-87.552,38.8603],[-87.5372,38.8536],[-87.5321,38.8525],[-87.5758,38.8524],[-87.5758,38.8517],[-87.6843,38.8522],[-87.787,38.8489],[-87.7866,38.85],[-87.9459,38.8501],[-87.945,38.9088],[-87.9468,39.0839],[-87.9482,39.0838],[-87.9504,39.1749]]]}},{"type":"Feature","properties":{"fips":"17035","name":"Cumberland"},"geometry":{"type":"Polygon","coordinates":[[[-88.4712,39.3562],[-88.4708,39.3745],[-88.4532,39.3736],[-88.4342,39.3744],[-88.1785,39.375],[-88.1402,39.3762],[-88.0265,39.3775],[-88.0265,39.3786],[-88.0121,39.379],[-88.0078,39.1739],[-88.1677,39.1716],[-88.4709,39.1715],[-88.4712,39.3562]]]}},{"type":"Feature","properties":{"fips":"17037","name":"DeKalb"},"geometry":{"type":"Polygon","coordinates":[[[-88.9421,42.065],[-88.9389,42.0651],[-88.9397,42.1523],[-88.7932,42.1535],[-88.5887,42.1536],[-88.5883,42.0665],[-88.602,42.0665],[-88.6013,41.9815],[-88.6026,41.8068],[-88.6019,41.7196],[-88.6036,41.7195],[-88.6022,41.6314],[-88.7064,41.6304],[-88.8182,41.6314],[-88.9387,41.6283],[-88.9403,41.7168],[-88.9413,41.7172],[-88.9416,41.7261],[-88.9413,41.8918],[-88.9421,42.065]]]}},{"type":"Feature","properties":{"fips":"17039","name":"De Witt"},"geometry":{"type":"Polygon","coordinates":[[[-89.1488,40.282],[-88.9774,40.2832],[-88.9195,40.2829],[-88.9196,40.2823],[-88.8044,40.2827],[-88.5749,40.2815],[-88.688,40.1423],[-88.6882,40.0986],[-88.7453,40.0988],[-88.7452,40.0552],[-88.8033,40.0553],[-88.9182,40.0532],[-89.0291,40.0498],[-89.1448,40.0489],[-89.1488,40.282]]]}},{"type":"Feature","properties":{"fips":"17041","name":"Douglas"},"geometry":{"type":"Polygon","coordinates":[[[-88.4732,39.7918],[-88.4623,39.7918],[-88.4622,39.8791],[-88.2364,39.8791],[-88.1227,39.8802],[-88.0095,39.8794],[-87.9376,39.8798],[-87.937,39.7924],[-87.9688,39.7924],[-87.9663,39.686],[-88.0262,39.6849],[-88.0262,39.6817],[-88.063,39.6813],[-88.0635,39.6527],[-88.1008,39.652],[-88.4721,39.6516],[-88.4732,39.7918]]]}},{"type":"Feature","properties":{"fips":"17043","name":"DuPage"},"geometry":{"type":"Polygon","coordinates":[[[-88.2629,41.9824],[-88.2629,41.9864],[-88.1451,41.9882],[-88.0314,41.9925],[-87.9205,41.9939],[-87.9205,41.8678],[-87.9194,41.854],[-87.9198,41.8405],[-87.9176,41.8039],[-87.9143,41.7166],[-87.9211,41.7164],[-87.9247,41.7132],[-87.927,41.7127],[-87.9301,41.7102],[-87.9342,41.7085],[-87.9366,41.7054],[-87.9421,41.7027],[-87.9422,41.6991],[-87.9478,41.6951],[-87.9554,41.6931],[-87.9667,41.6867],[-87.9718,41.6872],[-87.9754,41.6865],[-87.9794,41.6873],[-87.9822,41.6861],[-88.029,41.6852],[-88.0304,41.7289],[-88.1506,41.7261],[-88.262,41.7247],[-88.2628,41.8128],[-88.2629,41.9824]]]}},{"type":"Feature","properties":{"fips":"17045","name":"Edgar"},"geometry":{"type":"Polygon","coordinates":[[[-87.9688,39.7924],[-87.937,39.7924],[-87.9376,39.8798],[-87.6152,39.8816],[-87.6174,39.8686],[-87.5575,39.8688],[-87.5817,39.8823],[-87.5332,39.883],[-87.5317,39.4771],[-87.6893,39.4768],[-87.6876,39.4874],[-87.7928,39.4855],[-87.9039,39.4819],[-87.9602,39.4813],[-87.9646,39.5982],[-87.9688,39.7924]]]}},{"type":"Feature","properties":{"fips":"17047","name":"Edwards"},"geometry":{"type":"Polygon","coordinates":[[[-88.1505,38.2706],[-88.1478,38.4617],[-88.1479,38.467],[-88.1486,38.4676],[-88.1478,38.569],[-88.024,38.5706],[-87.9547,38.5702],[-87.9559,38.5696],[-87.9544,38.5684],[-87.9584,38.5665],[-87.9584,38.5649],[-87.9571,38.5639],[-87.9586,38.5632],[-87.9587,38.561],[-87.957,38.5604],[-87.9574,38.5597],[-87.9536,38.5582],[-87.9546,38.5568],[-87.9538,38.5552],[-87.9524,38.5548],[-87.9546,38.5533],[-87.9529,38.5523],[-87.9528,38.5504],[-87.9516,38.5492],[-87.9521,38.5476],[-87.9504,38.5472],[-87.9529,38.5433],[-87.9519,38.5422],[-87.947,38.5406],[-87.9458,38.5415],[-87.9437,38.541],[-87.9437,38.5396],[-87.9451,38.5395],[-87.9415,38.5385],[-87.9424,38.5364],[-87.9411,38.5355],[-87.9395,38.5363],[-87.9393,38.5351],[-87.9412,38.5344],[-87.9416,38.5335],[-87.9385,38.5329],[-87.939,38.5316],[-87.9372,38.5281],[-87.9385,38.5274],[-87.9418,38.5282],[-87.947,38.5217],[-87.9497,38.522],[-87.9496,38.5202],[-87.9517,38.5206],[-87.9534,38.519],[-87.9531,38.5179],[-87.9545,38.5163],[-87.9536,38.5159],[-87.955,38.515],[-87.954,38.5143],[-87.9519,38.5152],[-87.9513,38.5144],[-87.9498,38.5151],[-87.9482,38.5141],[-87.9501,38.5122],[-87.9531,38.5109],[-87.9522,38.5069],[-87.9491,38.5068],[-87.9488,38.5083],[-87.9483,38.5051],[-87.9485,38.5045],[-87.951,38.5044],[-87.9513,38.5037],[-87.9541,38.5036],[-87.9543,38.5019],[-87.9532,38.5004],[-87.9553,38.5004],[-87.9559,38.4994],[-87.9545,38.498],[-87.9568,38.4971],[-87.956,38.4943],[-87.9533,38.4927],[-87.9558,38.4916],[-87.9561,38.4902],[-87.9531,38.4881],[-87.9512,38.4889],[-87.9508,38.4874],[-87.9523,38.4856],[-87.9509,38.4854],[-87.9495,38.4865],[-87.949,38.4857],[-87.9529,38.4843],[-87.9536,38.4827],[-87.9516,38.4808],[-87.9529,38.4797],[-87.948,38.4787],[-87.9483,38.4711],[-87.945,38.4726],[-87.9448,38.4708],[-87.9471,38.4698],[-87.9477,38.4687],[-87.9441,38.4677],[-87.946,38.4656],[-87.9483,38.4646],[-87.9482,38.4635],[-87.9454,38.4641],[-87.944,38.4628],[-87.9442,38.4617],[-87.9418,38.4622],[-87.9423,38.4606],[-87.9474,38.4582],[-87.9453,38.4564],[-87.9431,38.4566],[-87.9485,38.4533],[-87.9446,38.4525],[-87.944,38.4504],[-87.9429,38.4496],[-87.9446,38.4487],[-87.9463,38.4494],[-87.9468,38.4487],[-87.9456,38.4471],[-87.9438,38.447],[-87.9446,38.4458],[-87.9485,38.4459],[-87.9486,38.4442],[-87.9451,38.4447],[-87.9453,38.442],[-87.9471,38.4411],[-87.9481,38.4422],[-87.9493,38.4416],[-87.9475,38.4386],[-87.9488,38.4373],[-87.9502,38.4371],[-87.9526,38.4323],[-87.9525,38.4305],[-87.9475,38.4294],[-87.951,38.4259],[-87.9527,38.4255],[-87.9542,38.4265],[-87.9556,38.4248],[-87.9539,38.4235],[-87.9515,38.4239],[-87.9506,38.4226],[-87.9522,38.4181],[-87.9546,38.4181],[-87.955,38.4198],[-87.9576,38.4207],[-87.9604,38.4193],[-87.961,38.4172],[-87.9666,38.4107],[-87.9702,38.4106],[-87.9709,38.4059],[-87.9698,38.4044],[-87.9704,38.4022],[-87.9757,38.4011],[-87.9761,38.3999],[-87.9722,38.3951],[-87.9705,38.3946],[-87.9666,38.3955],[-87.9656,38.3951],[-87.965,38.3911],[-87.9685,38.3894],[-87.9731,38.3894],[-87.9768,38.3843],[-87.9772,38.3778],[-87.9759,38.3734],[-87.9734,38.3703],[-87.9735,38.3659],[-87.97,38.3624],[-87.9681,38.3589],[-87.9673,38.3536],[-87.9658,38.3521],[-87.9618,38.3506],[-87.9579,38.348],[-87.9573,38.3432],[-87.9544,38.3397],[-87.9539,38.337],[-87.9571,38.3325],[-87.9557,38.3263],[-87.958,38.3196],[-87.9562,38.3173],[-87.9472,38.3186],[-87.9468,38.3178],[-87.9475,38.3169],[-87.9489,38.3172],[-87.9483,38.3162],[-87.9463,38.3154],[-87.947,38.3132],[-87.9485,38.3125],[-87.9462,38.3107],[-87.9466,38.3087],[-87.9495,38.307],[-87.9544,38.3084],[-87.9569,38.3064],[-87.9565,38.3047],[-87.9529,38.3026],[-87.955,38.3006],[-87.9571,38.2999],[-87.954,38.2967],[-87.9538,38.2944],[-87.952,38.2929],[-87.9511,38.2909],[-87.9544,38.2906],[-87.9562,38.2919],[-87.9583,38.2904],[-87.9607,38.2912],[-87.9616,38.2904],[-87.9612,38.2888],[-87.9665,38.2864],[-87.9667,38.2844],[-87.9695,38.2837],[-87.9704,38.2851],[-87.9722,38.2841],[-87.974,38.2846],[-87.975,38.2819],[-87.9779,38.282],[-87.9766,38.2807],[-87.9766,38.2788],[-87.9754,38.2779],[-87.978,38.2773],[-87.9777,38.2765],[-87.973,38.2748],[-87.9733,38.2739],[-87.9754,38.2734],[-87.979,38.2738],[-87.9792,38.2709],[-87.9812,38.2711],[-87.9807,38.2722],[-87.9845,38.2743],[-87.9888,38.2736],[-87.9902,38.2706],[-87.9889,38.2691],[-87.9897,38.2685],[-87.9913,38.2702],[-87.9909,38.265],[-87.992,38.2617],[-87.9906,38.2596],[-88.0277,38.2599],[-88.0277,38.2557],[-88.1509,38.2562],[-88.1505,38.2706]]]}},{"type":"Feature","properties":{"fips":"17049","name":"Effingham"},"geometry":{"type":"Polygon","coordinates":[[[-88.8066,38.931],[-88.8053,39.2163],[-88.4709,39.215],[-88.4709,39.1715],[-88.3607,39.1711],[-88.3605,39.0899],[-88.3628,39.0012],[-88.3617,38.9108],[-88.5799,38.9154],[-88.6878,38.9147],[-88.8068,38.9116],[-88.8066,38.931]]]}},{"type":"Feature","properties":{"fips":"17051","name":"Fayette"},"geometry":{"type":"Polygon","coordinates":[[[-89.2574,38.9992],[-89.2503,38.9992],[-89.2505,39.2175],[-89.1408,39.2179],[-89.1394,39.2172],[-89.0268,39.2155],[-88.9175,39.2165],[-88.8053,39.2163],[-88.8068,38.9116],[-88.6935,38.9146],[-88.6952,38.8263],[-88.8076,38.8245],[-88.9209,38.8244],[-89.0306,38.8229],[-89.1381,38.8242],[-89.1384,38.7363],[-89.2542,38.742],[-89.2574,38.9992]]]}},{"type":"Feature","properties":{"fips":"17053","name":"Ford"},"geometry":{"type":"Polygon","coordinates":[[[-88.4598,40.4169],[-88.4595,40.6173],[-88.3472,40.617],[-88.235,40.6182],[-88.2363,40.675],[-88.237,40.675],[-88.2473,40.9946],[-88.2282,40.9956],[-88.1319,40.9978],[-88.1256,40.7634],[-88.1224,40.6767],[-88.1216,40.6767],[-88.1183,40.5752],[-88.1179,40.4879],[-88.0041,40.4887],[-87.9931,40.4856],[-87.9353,40.4859],[-87.9317,40.3994],[-87.9903,40.3992],[-88.0023,40.4005],[-88.1174,40.4006],[-88.347,40.3984],[-88.46,40.3988],[-88.4598,40.4169]]]}},{"type":"Feature","properties":{"fips":"17055","name":"Franklin"},"geometry":{"type":"Polygon","coordinates":[[[-89.1782,37.9526],[-89.1752,37.9528],[-89.1748,37.9536],[-89.1711,37.9546],[-89.1648,37.9551],[-89.1619,37.9574],[-89.1609,37.9592],[-89.1607,37.9619],[-89.1551,37.9678],[-89.1538,37.9776],[-89.1524,37.9791],[-89.1497,37.9796],[-89.1498,37.9818],[-89.1458,37.9857],[-89.1466,37.9888],[-89.1438,37.9899],[-89.144,37.9915],[-89.1427,37.9925],[-89.143,37.994],[-89.1408,37.9947],[-89.1401,37.9957],[-89.1415,37.9969],[-89.1403,37.9987],[-89.1407,38.0004],[-89.1431,38.0017],[-89.1424,38.0036],[-89.1453,38.0088],[-89.145,38.0107],[-89.1441,38.0114],[-89.142,38.0112],[-89.1399,38.0133],[-89.1403,38.0162],[-89.1361,38.018],[-89.1368,38.0214],[-89.1385,38.0226],[-89.1376,38.0237],[-89.1382,38.0252],[-89.1405,38.0266],[-89.143,38.026],[-89.1424,38.0291],[-89.144,38.0287],[-89.1468,38.0315],[-89.143,38.0331],[-89.1403,38.0331],[-89.139,38.0343],[-89.1405,38.0353],[-89.1389,38.0376],[-89.1372,38.0385],[-89.1366,38.0402],[-89.1384,38.0416],[-89.1397,38.0439],[-89.1381,38.0443],[-89.1391,38.0463],[-89.1378,38.0473],[-89.1349,38.0448],[-89.1336,38.047],[-89.1311,38.047],[-89.1304,38.0478],[-89.1341,38.0492],[-89.1331,38.0501],[-89.1329,38.0542],[-89.1311,38.0544],[-89.132,38.0525],[-89.1269,38.053],[-89.1276,38.0547],[-89.1267,38.0556],[-89.1256,38.0548],[-89.1227,38.0565],[-89.1236,38.0576],[-89.1224,38.0594],[-89.1219,38.0578],[-89.1204,38.0579],[-89.1186,38.0592],[-89.1222,38.0604],[-89.1208,38.0621],[-89.119,38.0614],[-89.1171,38.0639],[-89.1177,38.0647],[-89.1194,38.0647],[-89.1183,38.0632],[-89.1232,38.0633],[-89.1235,38.0649],[-89.1217,38.0649],[-89.1191,38.0666],[-89.1191,38.0676],[-89.1206,38.0673],[-89.1233,38.0701],[-89.1224,38.0709],[-89.119,38.0695],[-89.1185,38.0702],[-89.1203,38.071],[-89.1188,38.0721],[-89.1207,38.0737],[-89.119,38.0743],[-89.1201,38.0757],[-89.1193,38.0767],[-89.1198,38.0781],[-89.1223,38.0801],[-89.1227,38.0823],[-89.1218,38.0832],[-89.1202,38.0816],[-89.1192,38.0822],[-89.1211,38.0842],[-89.1157,38.0855],[-89.1177,38.0872],[-89.1173,38.0893],[-89.1192,38.0904],[-89.1153,38.0938],[-89.1179,38.0963],[-89.1216,38.0965],[-89.1224,38.0978],[-89.1272,38.0986],[-89.1285,38.1008],[-89.1348,38.1017],[-89.1373,38.1041],[-89.1374,38.1052],[-89.1335,38.1056],[-89.1323,38.1033],[-89.1311,38.1054],[-89.1321,38.1065],[-89.1308,38.1074],[-89.1308,38.1086],[-89.1292,38.1093],[-89.1304,38.1135],[-89.1293,38.1168],[-89.1316,38.1169],[-89.129,38.1234],[-89.1296,38.1248],[-88.9307,38.1255],[-88.8527,38.1266],[-88.7046,38.1252],[-88.7057,38.0516],[-88.7068,37.8635],[-88.9466,37.862],[-89.1512,37.862],[-89.1508,37.9502],[-89.1776,37.9503],[-89.1782,37.9526]]]}},{"type":"Feature","properties":{"fips":"17057","name":"Fulton"},"geometry":{"type":"Polygon","coordinates":[[[-90.4519,40.1888],[-90.4484,40.3643],[-90.4469,40.5398],[-90.4443,40.7149],[-89.9861,40.7124],[-89.989,40.6258],[-89.8737,40.625],[-89.8744,40.5809],[-89.8722,40.5806],[-89.8725,40.5132],[-89.8781,40.5095],[-89.8822,40.5054],[-89.8844,40.5],[-89.8876,40.4807],[-89.8879,40.4747],[-89.8988,40.4651],[-89.9042,40.4577],[-89.9064,40.4478],[-89.9143,40.4403],[-89.9184,40.4379],[-89.9394,40.4302],[-89.9552,40.4202],[-89.9754,40.4045],[-89.9776,40.402],[-89.9815,40.3946],[-89.9838,40.3926],[-89.9949,40.3907],[-90.0064,40.3852],[-90.0218,40.38],[-90.033,40.3778],[-90.038,40.375],[-90.0431,40.37],[-90.0497,40.3569],[-90.0528,40.3475],[-90.0501,40.3401],[-90.0499,40.3374],[-90.0532,40.3278],[-90.0556,40.3252],[-90.0651,40.3192],[-90.0672,40.3167],[-90.0689,40.3125],[-90.0679,40.3041],[-90.0687,40.2961],[-90.073,40.291],[-90.0755,40.2893],[-90.0859,40.2769],[-90.0941,40.2689],[-90.0967,40.2667],[-90.105,40.2631],[-90.1073,40.2609],[-90.1109,40.2553],[-90.1176,40.2377],[-90.1203,40.2335],[-90.1275,40.227],[-90.1379,40.2226],[-90.1525,40.221],[-90.158,40.2197],[-90.1635,40.2166],[-90.1711,40.211],[-90.1748,40.2017],[-90.1785,40.1979],[-90.1854,40.1938],[-90.1935,40.1921],[-90.1961,40.1898],[-90.1996,40.1838],[-90.3375,40.1877],[-90.4519,40.1888]]]}},{"type":"Feature","properties":{"fips":"17059","name":"Gallatin"},"geometry":{"type":"Polygon","coordinates":[[[-88.3749,37.6141],[-88.3736,37.7217],[-88.3745,37.9084],[-88.3572,37.9085],[-88.3569,37.9091],[-88.1365,37.9077],[-88.136,37.9078],[-88.1359,37.9159],[-88.1255,37.9101],[-88.1137,37.9061],[-88.1099,37.9037],[-88.106,37.9],[-88.1024,37.898],[-88.1021,37.8959],[-88.1006,37.894],[-88.0977,37.8934],[-88.0969,37.8921],[-88.0986,37.89],[-88.0959,37.8897],[-88.0929,37.8917],[-88.0844,37.8856],[-88.0785,37.8791],[-88.0685,37.858],[-88.065,37.8532],[-88.0594,37.8487],[-88.0482,37.8448],[-88.0333,37.8419],[-88.0282,37.8386],[-88.0259,37.8327],[-88.0287,37.8271],[-88.033,37.8244],[-88.0438,37.8215],[-88.0581,37.8224],[-88.066,37.8248],[-88.0764,37.8302],[-88.0809,37.8309],[-88.0857,37.8294],[-88.0901,37.8256],[-88.0918,37.8221],[-88.09,37.8168],[-88.0764,37.8046],[-88.0677,37.8006],[-88.0597,37.8012],[-88.0458,37.8081],[-88.0376,37.8099],[-88.033,37.8086],[-88.03,37.8065],[-88.0284,37.8037],[-88.028,37.7992],[-88.0324,37.7964],[-88.0358,37.7919],[-88.0388,37.7843],[-88.0409,37.7721],[-88.0426,37.7671],[-88.0499,37.7541],[-88.0596,37.7426],[-88.0638,37.7386],[-88.0725,37.7333],[-88.0859,37.7286],[-88.0958,37.7232],[-88.1018,37.718],[-88.1178,37.7126],[-88.1224,37.7097],[-88.1323,37.6971],[-88.1343,37.6915],[-88.1454,37.6826],[-88.1516,37.6751],[-88.1594,37.6618],[-88.1601,37.6543],[-88.1586,37.6491],[-88.1584,37.6399],[-88.1568,37.6328],[-88.1527,37.6228],[-88.1417,37.6028],[-88.1424,37.5924],[-88.1408,37.5852],[-88.1343,37.5746],[-88.1373,37.5753],[-88.1426,37.575],[-88.1467,37.5732],[-88.1527,37.5738],[-88.158,37.5775],[-88.1628,37.5875],[-88.1677,37.5927],[-88.1723,37.5957],[-88.18,37.5992],[-88.3754,37.5996],[-88.3749,37.6141]]]}},{"type":"Feature","properties":{"fips":"17061","name":"Greene"},"geometry":{"type":"Polygon","coordinates":[[[-90.6221,39.3683],[-90.6202,39.3757],[-90.6208,39.3812],[-90.6173,39.3857],[-90.6138,39.3954],[-90.6136,39.3987],[-90.6154,39.407],[-90.6153,39.4137],[-90.6168,39.4239],[-90.616,39.4306],[-90.6128,39.4379],[-90.6118,39.4426],[-90.6105,39.4574],[-90.6076,39.4638],[-90.5921,39.487],[-90.5906,39.4937],[-90.5884,39.4964],[-90.5862,39.5037],[-90.5822,39.5103],[-90.5805,39.518],[-90.5811,39.5217],[-90.2656,39.52],[-90.1538,39.5203],[-90.1506,39.3463],[-90.1495,39.3463],[-90.1481,39.2619],[-90.1939,39.262],[-90.1937,39.2582],[-90.2027,39.2582],[-90.2018,39.2255],[-90.2764,39.2247],[-90.3139,39.2251],[-90.3133,39.1743],[-90.4876,39.175],[-90.4865,39.1712],[-90.4879,39.1641],[-90.4912,39.1614],[-90.4958,39.1602],[-90.4978,39.1606],[-90.4981,39.164],[-90.5025,39.1637],[-90.504,39.1709],[-90.5058,39.1729],[-90.5057,39.1754],[-90.5028,39.18],[-90.5032,39.1817],[-90.509,39.1859],[-90.5127,39.1869],[-90.5142,39.1863],[-90.5204,39.188],[-90.523,39.1871],[-90.5268,39.1924],[-90.5292,39.1916],[-90.5285,39.1884],[-90.5305,39.1873],[-90.5327,39.1875],[-90.5349,39.1892],[-90.5365,39.1929],[-90.5409,39.1895],[-90.5424,39.1839],[-90.544,39.1832],[-90.5461,39.1839],[-90.5455,39.1901],[-90.5555,39.189],[-90.5601,39.1874],[-90.5661,39.1833],[-90.5701,39.1834],[-90.5703,39.1822],[-90.5667,39.1816],[-90.5661,39.1808],[-90.5704,39.1778],[-90.5735,39.1775],[-90.5746,39.1786],[-90.5733,39.1841],[-90.5806,39.1849],[-90.5789,39.1794],[-90.5818,39.1782],[-90.5821,39.1769],[-90.5809,39.1756],[-90.5768,39.1739],[-90.5754,39.1715],[-90.5753,39.1672],[-90.5769,39.1645],[-90.581,39.165],[-90.5837,39.1636],[-90.5854,39.1616],[-90.5872,39.1549],[-90.5865,39.153],[-90.5832,39.1492],[-90.5828,39.1443],[-90.5847,39.1422],[-90.5894,39.1412],[-90.591,39.1387],[-90.5966,39.1379],[-90.598,39.1368],[-90.5991,39.1345],[-90.5989,39.1325],[-90.597,39.1287],[-90.5977,39.1257],[-90.6036,39.1176],[-90.6052,39.1229],[-90.6112,39.1332],[-90.6145,39.1423],[-90.6146,39.1538],[-90.612,39.1673],[-90.6084,39.1732],[-90.6001,39.1798],[-90.5981,39.1839],[-90.5975,39.1875],[-90.5921,39.1958],[-90.5912,39.2011],[-90.593,39.21],[-90.5923,39.2182],[-90.5972,39.2351],[-90.598,39.2433],[-90.6048,39.25],[-90.6075,39.254],[-90.6098,39.2598],[-90.6093,39.2639],[-90.6074,39.2697],[-90.6063,39.2798],[-90.6024,39.2875],[-90.6024,39.2927],[-90.6083,39.3036],[-90.6113,39.3115],[-90.6141,39.3303],[-90.6168,39.3376],[-90.6196,39.3491],[-90.6223,39.3651],[-90.6221,39.3683]]]}},{"type":"Feature","properties":{"fips":"17063","name":"Grundy"},"geometry":{"type":"Polygon","coordinates":[[[-88.596,41.4571],[-88.4817,41.4579],[-88.2522,41.4631],[-88.2409,41.1144],[-88.471,41.1089],[-88.5862,41.1083],[-88.587,41.2023],[-88.5885,41.268],[-88.5936,41.3697],[-88.596,41.4571]]]}},{"type":"Feature","properties":{"fips":"17065","name":"Hamilton"},"geometry":{"type":"Polygon","coordinates":[[[-88.7066,37.9219],[-88.7057,38.0516],[-88.7024,38.2567],[-88.3704,38.2555],[-88.374,38.0387],[-88.3745,37.9077],[-88.5343,37.9064],[-88.596,37.9067],[-88.5962,37.9073],[-88.7066,37.9068],[-88.7066,37.9219]]]}},{"type":"Feature","properties":{"fips":"17067","name":"Hancock"},"geometry":{"type":"Polygon","coordinates":[[[-91.5069,40.2156],[-91.5043,40.2243],[-91.5043,40.2317],[-91.5065,40.2363],[-91.5058,40.2388],[-91.5032,40.2435],[-91.4981,40.2474],[-91.4905,40.2595],[-91.49,40.2623],[-91.4905,40.2648],[-91.4929,40.2699],[-91.4927,40.2782],[-91.4899,40.286],[-91.4861,40.2934],[-91.4718,40.3173],[-91.4697,40.3224],[-91.4666,40.3345],[-91.4621,40.3424],[-91.4448,40.3632],[-91.4393,40.3666],[-91.4266,40.372],[-91.4157,40.3814],[-91.413,40.3823],[-91.397,40.3831],[-91.3884,40.3849],[-91.382,40.3876],[-91.3757,40.3919],[-91.3726,40.4012],[-91.3724,40.4115],[-91.3737,40.4179],[-91.381,40.4354],[-91.3815,40.446],[-91.3781,40.4564],[-91.3681,40.4746],[-91.3649,40.4842],[-91.3637,40.4942],[-91.3642,40.5],[-91.3691,40.5125],[-91.3819,40.5282],[-91.3881,40.5331],[-91.4007,40.5368],[-91.4041,40.5391],[-91.4062,40.5427],[-91.4069,40.5476],[-91.4052,40.5546],[-91.4015,40.5595],[-91.3798,40.5745],[-91.3599,40.6018],[-91.354,40.6066],[-91.3487,40.6097],[-91.3397,40.6135],[-91.3065,40.6262],[-91.265,40.6339],[-91.2582,40.6367],[-91.2479,40.6384],[-91.2184,40.6384],[-91.1979,40.6361],[-91.187,40.6373],[-91.1854,40.6381],[-91.0222,40.635],[-90.9139,40.6377],[-90.9042,40.6392],[-90.9061,40.5509],[-90.9089,40.326],[-90.912,40.1931],[-91.1452,40.1955],[-91.3966,40.1995],[-91.505,40.1999],[-91.5073,40.2093],[-91.5069,40.2156]]]}},{"type":"Feature","properties":{"fips":"17069","name":"Hardin"},"geometry":{"type":"Polygon","coordinates":[[[-88.4154,37.4238],[-88.4127,37.5996],[-88.3755,37.599],[-88.3754,37.5996],[-88.18,37.5992],[-88.1723,37.5957],[-88.1677,37.5927],[-88.1628,37.5875],[-88.158,37.5775],[-88.1527,37.5738],[-88.1467,37.5732],[-88.1426,37.575],[-88.1373,37.5753],[-88.1343,37.5746],[-88.1229,37.5693],[-88.1031,37.5539],[-88.0928,37.5396],[-88.088,37.5351],[-88.078,37.532],[-88.0722,37.5288],[-88.069,37.5253],[-88.0626,37.5136],[-88.0628,37.5081],[-88.0613,37.5052],[-88.0626,37.496],[-88.0652,37.4894],[-88.0678,37.4859],[-88.0693,37.4852],[-88.0715,37.4859],[-88.0735,37.4853],[-88.0745,37.4813],[-88.0766,37.4798],[-88.0818,37.473],[-88.0852,37.4715],[-88.0891,37.4716],[-88.0926,37.4737],[-88.0998,37.4736],[-88.128,37.4705],[-88.1351,37.4716],[-88.1571,37.4669],[-88.1718,37.4656],[-88.1753,37.4638],[-88.1886,37.4619],[-88.2069,37.4602],[-88.225,37.4574],[-88.2552,37.4567],[-88.2817,37.4526],[-88.3126,37.4406],[-88.3175,37.4362],[-88.3306,37.4293],[-88.3332,37.4272],[-88.3484,37.4107],[-88.3616,37.4029],[-88.3655,37.4017],[-88.3712,37.4027],[-88.3734,37.4043],[-88.3775,37.4098],[-88.3877,37.4165],[-88.3973,37.4216],[-88.4088,37.4252],[-88.4154,37.4238]]]}},{"type":"Feature","properties":{"fips":"17071","name":"Henderson"},"geometry":{"type":"Polygon","coordinates":[[[-91.1854,40.6381],[-91.1381,40.6609],[-91.1239,40.6692],[-91.1208,40.6728],[-91.1154,40.6918],[-91.1119,40.697],[-91.1109,40.7033],[-91.1111,40.7083],[-91.1157,40.7252],[-91.1104,40.7455],[-91.1082,40.7509],[-91.1025,40.7571],[-91.0981,40.7632],[-91.0917,40.7797],[-91.0912,40.7867],[-91.0923,40.7929],[-91.097,40.8025],[-91.0976,40.8056],[-91.0968,40.8116],[-91.093,40.8211],[-91.0901,40.8246],[-91.0775,40.8334],[-91.0672,40.842],[-91.0587,40.8463],[-91.0564,40.8484],[-91.0447,40.8684],[-91.0391,40.8736],[-91.0275,40.8792],[-91.0216,40.884],[-91.0132,40.8966],[-91.0095,40.9006],[-90.9985,40.9081],[-90.9855,40.9121],[-90.9792,40.9155],[-90.969,40.9191],[-90.9653,40.9216],[-90.9629,40.925],[-90.9605,40.9364],[-90.9522,40.954],[-90.952,40.9582],[-90.9527,40.9621],[-90.9581,40.9766],[-90.9581,40.9798],[-90.9552,40.9868],[-90.9496,40.9952],[-90.9459,41.0065],[-90.9451,41.0119],[-90.9453,41.0193],[-90.9423,41.0347],[-90.9455,41.0617],[-90.949,41.0702],[-90.7852,41.0687],[-90.7888,40.7192],[-90.7894,40.7192],[-90.7896,40.6979],[-90.7897,40.6358],[-90.9042,40.6392],[-90.9139,40.6377],[-91.0222,40.635],[-91.1854,40.6381]]]}},{"type":"Feature","properties":{"fips":"17073","name":"Henry"},"geometry":{"type":"Polygon","coordinates":[[[-90.4373,41.1734],[-90.4337,41.327],[-90.4319,41.4568],[-90.4211,41.4576],[-90.4042,41.4648],[-90.396,41.4697],[-90.3873,41.4764],[-90.3804,41.4767],[-90.3767,41.4787],[-90.3734,41.4838],[-90.3694,41.4967],[-90.3642,41.5028],[-90.3522,41.5088],[-90.3412,41.5114],[-90.3367,41.5135],[-90.3327,41.514],[-90.3179,41.5088],[-90.3151,41.5092],[-90.3121,41.5106],[-90.3047,41.5178],[-90.2975,41.5181],[-90.2892,41.5203],[-90.2793,41.5203],[-90.2683,41.5221],[-90.2605,41.5215],[-90.2501,41.5228],[-90.2417,41.5248],[-90.2315,41.529],[-90.2258,41.5299],[-90.2242,41.5314],[-90.2234,41.5345],[-90.2214,41.5363],[-90.2167,41.5379],[-90.1953,41.5407],[-90.1925,41.5432],[-90.1848,41.556],[-90.1807,41.5669],[-90.1791,41.5735],[-90.1801,41.5787],[-90.1855,41.5846],[-89.9762,41.5837],[-89.8624,41.584],[-89.8591,41.5185],[-89.8574,41.5184],[-89.8566,41.321],[-89.8575,41.2385],[-89.8576,41.2345],[-89.8678,41.2344],[-89.8682,41.1495],[-90.0796,41.1497],[-90.2088,41.1521],[-90.3232,41.1512],[-90.4377,41.1515],[-90.4373,41.1734]]]}},{"type":"Feature","properties":{"fips":"17075","name":"Iroquois"},"geometry":{"type":"Polygon","coordinates":[[[-88.1311,40.9979],[-88.002,41.0001],[-87.8123,41.0051],[-87.5263,41.0103],[-87.5258,40.8536],[-87.5264,40.4912],[-87.6528,40.4882],[-87.7635,40.4882],[-87.9725,40.4857],[-87.9931,40.4856],[-88.0041,40.4887],[-88.1179,40.4879],[-88.1183,40.5752],[-88.1216,40.6767],[-88.1224,40.6767],[-88.1256,40.7634],[-88.1307,40.9392],[-88.1319,40.9978],[-88.1311,40.9979]]]}},{"type":"Feature","properties":{"fips":"17077","name":"Jackson"},"geometry":{"type":"Polygon","coordinates":[[[-89.6808,37.8221],[-89.6786,37.8238],[-89.6722,37.8254],[-89.6682,37.8296],[-89.6654,37.8283],[-89.6644,37.8291],[-89.6643,37.8329],[-89.6616,37.8355],[-89.6622,37.8377],[-89.6603,37.8384],[-89.661,37.8399],[-89.6595,37.8406],[-89.6593,37.8443],[-89.6577,37.8469],[-89.6572,37.8513],[-89.6583,37.8524],[-89.658,37.8555],[-89.6563,37.8587],[-89.5951,37.9553],[-89.282,37.9506],[-89.1508,37.9502],[-89.1516,37.7783],[-89.1536,37.6002],[-89.2102,37.5993],[-89.2197,37.5986],[-89.4532,37.6],[-89.448,37.5983],[-89.4494,37.5915],[-89.4541,37.5881],[-89.4548,37.5864],[-89.4531,37.5801],[-89.4538,37.5781],[-89.4583,37.5741],[-89.4625,37.5666],[-89.4651,37.5644],[-89.4705,37.5622],[-89.4742,37.5621],[-89.4785,37.564],[-89.4805,37.5661],[-89.4833,37.5675],[-89.487,37.5671],[-89.4934,37.5697],[-89.5021,37.5706],[-89.5032,37.5724],[-89.5007,37.5755],[-89.5009,37.5772],[-89.5024,37.578],[-89.5095,37.5789],[-89.5115,37.5781],[-89.5189,37.5724],[-89.5215,37.5722],[-89.5208,37.5812],[-89.5198,37.5827],[-89.5165,37.5845],[-89.5095,37.5841],[-89.4941,37.5801],[-89.4861,37.5809],[-89.4811,37.583],[-89.4775,37.5859],[-89.476,37.5902],[-89.4765,37.5956],[-89.4784,37.5989],[-89.4858,37.6072],[-89.5066,37.6251],[-89.5105,37.6318],[-89.5156,37.6364],[-89.5177,37.6412],[-89.5159,37.6456],[-89.5168,37.6561],[-89.5161,37.668],[-89.512,37.681],[-89.512,37.6855],[-89.5143,37.6899],[-89.5167,37.6928],[-89.5257,37.6984],[-89.5314,37.7003],[-89.5387,37.7011],[-89.5667,37.7072],[-89.5735,37.7091],[-89.5833,37.7133],[-89.5872,37.7175],[-89.5966,37.7329],[-89.6088,37.7397],[-89.6125,37.74],[-89.6156,37.7423],[-89.6159,37.7482],[-89.6173,37.7497],[-89.624,37.7491],[-89.6334,37.7458],[-89.6454,37.7461],[-89.6495,37.7455],[-89.6585,37.7477],[-89.6634,37.7501],[-89.6655,37.7521],[-89.668,37.7595],[-89.6612,37.7757],[-89.6602,37.781],[-89.6604,37.7863],[-89.6696,37.7999],[-89.6744,37.803],[-89.6808,37.8221]]]}},{"type":"Feature","properties":{"fips":"17079","name":"Jasper"},"geometry":{"type":"Polygon","coordinates":[[[-88.3628,39.0012],[-88.3605,39.0899],[-88.3607,39.1711],[-88.1529,39.1717],[-87.9504,39.1749],[-87.9482,39.0838],[-87.9468,39.0839],[-87.945,38.9088],[-87.9459,38.8501],[-88.0359,38.8498],[-88.1503,38.847],[-88.2586,38.8475],[-88.3618,38.8521],[-88.3628,39.0012]]]}},{"type":"Feature","properties":{"fips":"17081","name":"Jefferson"},"geometry":{"type":"Polygon","coordinates":[[[-89.1476,38.2129],[-89.1444,38.4739],[-89.0332,38.474],[-88.9224,38.477],[-88.699,38.4749],[-88.7001,38.3427],[-88.7029,38.2416],[-88.7046,38.1252],[-88.8527,38.1266],[-89.0546,38.1247],[-89.1498,38.1251],[-89.1476,38.2129]]]}},{"type":"Feature","properties":{"fips":"17083","name":"Jersey"},"geometry":{"type":"Polygon","coordinates":[[[-90.6036,39.1176],[-90.5977,39.1257],[-90.597,39.1287],[-90.5989,39.1325],[-90.5991,39.1345],[-90.598,39.1368],[-90.5966,39.1379],[-90.591,39.1387],[-90.5894,39.1412],[-90.5847,39.1422],[-90.5828,39.1443],[-90.5832,39.1492],[-90.5865,39.153],[-90.5872,39.1549],[-90.5854,39.1616],[-90.5837,39.1636],[-90.581,39.165],[-90.5769,39.1645],[-90.5753,39.1672],[-90.5754,39.1715],[-90.5768,39.1739],[-90.5809,39.1756],[-90.5821,39.1769],[-90.5818,39.1782],[-90.5789,39.1794],[-90.5806,39.1849],[-90.5733,39.1841],[-90.5746,39.1786],[-90.5735,39.1775],[-90.5704,39.1778],[-90.5661,39.1808],[-90.5667,39.1816],[-90.5703,39.1822],[-90.5701,39.1834],[-90.5661,39.1833],[-90.5601,39.1874],[-90.5555,39.189],[-90.5455,39.1901],[-90.5461,39.1839],[-90.544,39.1832],[-90.5424,39.1839],[-90.5409,39.1895],[-90.5365,39.1929],[-90.5349,39.1892],[-90.5327,39.1875],[-90.5305,39.1873],[-90.5285,39.1884],[-90.5292,39.1916],[-90.5268,39.1924],[-90.523,39.1871],[-90.5204,39.188],[-90.5142,39.1863],[-90.5127,39.1869],[-90.509,39.1859],[-90.5032,39.1817],[-90.5028,39.18],[-90.5057,39.1754],[-90.5058,39.1729],[-90.504,39.1709],[-90.5025,39.1637],[-90.4981,39.164],[-90.4978,39.1606],[-90.4958,39.1602],[-90.4912,39.1614],[-90.4879,39.1641],[-90.4865,39.1712],[-90.4876,39.175],[-90.3133,39.1743],[-90.3139,39.2251],[-90.2764,39.2247],[-90.2018,39.2255],[-90.2027,39.2582],[-90.1937,39.2582],[-90.1939,39.262],[-90.1481,39.2619],[-90.1463,39.1743],[-90.146,38.9993],[-90.274,38.999],[-90.2757,38.9234],[-90.2837,38.924],[-90.3061,38.9235],[-90.3095,38.9241],[-90.3176,38.9279],[-90.3335,38.9335],[-90.3464,38.9408],[-90.3958,38.96],[-90.4064,38.9626],[-90.4247,38.9638],[-90.4401,38.9674],[-90.4678,38.9692],[-90.4872,38.9677],[-90.4918,38.9666],[-90.5001,38.9631],[-90.5101,38.9568],[-90.5152,38.9546],[-90.5196,38.9539],[-90.5299,38.9563],[-90.5347,38.9585],[-90.5432,38.9647],[-90.5533,38.9759],[-90.5646,38.9865],[-90.5702,38.9933],[-90.5744,39.0031],[-90.5761,39.0094],[-90.5759,39.0176],[-90.5737,39.0234],[-90.5743,39.0298],[-90.5754,39.033],[-90.579,39.0389],[-90.5881,39.0457],[-90.59,39.0507],[-90.5892,39.0543],[-90.5841,39.0587],[-90.5813,39.0631],[-90.5814,39.0657],[-90.5893,39.076],[-90.5936,39.0906],[-90.6033,39.1107],[-90.6036,39.1176]]]}},{"type":"Feature","properties":{"fips":"17085","name":"Jo Daviess"},"geometry":{"type":"Polygon","coordinates":[[[-90.6565,42.4892],[-90.6559,42.4917],[-90.6428,42.5085],[-90.4059,42.5069],[-90.0737,42.5083],[-89.9553,42.5056],[-89.9265,42.5058],[-89.9236,42.3567],[-89.9205,42.2839],[-89.921,42.2839],[-89.9198,42.1969],[-90.1077,42.1972],[-90.3173,42.1936],[-90.3283,42.201],[-90.3382,42.2033],[-90.357,42.2054],[-90.3651,42.2105],[-90.3751,42.2148],[-90.3911,42.2255],[-90.3947,42.2291],[-90.3959,42.2331],[-90.4007,42.2393],[-90.4193,42.2545],[-90.4222,42.2599],[-90.4241,42.2664],[-90.4309,42.2782],[-90.4307,42.2842],[-90.4269,42.2907],[-90.4243,42.2933],[-90.4205,42.3054],[-90.4203,42.3117],[-90.421,42.3161],[-90.4171,42.3199],[-90.4159,42.3227],[-90.4165,42.3251],[-90.419,42.3285],[-90.4305,42.3369],[-90.4439,42.3552],[-90.4463,42.357],[-90.4527,42.3593],[-90.4626,42.3673],[-90.4648,42.3695],[-90.4703,42.3784],[-90.4773,42.3838],[-90.4872,42.3851],[-90.5001,42.3955],[-90.5068,42.3988],[-90.555,42.4161],[-90.5582,42.421],[-90.5588,42.4285],[-90.5604,42.4329],[-90.5652,42.4387],[-90.568,42.4404],[-90.5904,42.4475],[-90.6063,42.4515],[-90.6243,42.4589],[-90.6467,42.4719],[-90.654,42.4785],[-90.6563,42.4836],[-90.6565,42.4892]]]}},{"type":"Feature","properties":{"fips":"17087","name":"Johnson"},"geometry":{"type":"Polygon","coordinates":[[[-89.0445,37.384],[-89.044,37.4786],[-89.0414,37.5966],[-88.9491,37.5963],[-88.9284,37.5972],[-88.8368,37.5975],[-88.8189,37.6007],[-88.7085,37.5993],[-88.7107,37.4276],[-88.7107,37.3371],[-88.7287,37.3353],[-88.9051,37.3357],[-88.9021,37.333],[-88.8964,37.3301],[-88.8981,37.3285],[-88.8982,37.327],[-88.8959,37.3268],[-88.8956,37.326],[-88.8992,37.3214],[-88.8976,37.3191],[-88.8976,37.3175],[-88.9024,37.3164],[-88.909,37.3135],[-88.9099,37.3124],[-88.914,37.3107],[-88.9265,37.3032],[-88.9322,37.3035],[-88.9349,37.3027],[-88.937,37.3039],[-88.9404,37.3032],[-88.942,37.304],[-88.9447,37.3023],[-88.949,37.3012],[-88.9505,37.2994],[-88.9527,37.2984],[-88.9538,37.2993],[-88.9558,37.2975],[-88.9573,37.2981],[-88.9591,37.2977],[-88.9592,37.2987],[-88.9612,37.2976],[-88.9618,37.299],[-88.9631,37.2975],[-88.9644,37.3005],[-88.9685,37.3031],[-88.9794,37.3053],[-88.9918,37.3098],[-88.9964,37.3094],[-88.998,37.3079],[-88.9994,37.3095],[-89.0035,37.3112],[-89.0184,37.3091],[-89.0329,37.2978],[-89.0447,37.2941],[-89.0445,37.384]]]}},{"type":"Feature","properties":{"fips":"17089","name":"Kane"},"geometry":{"type":"Polygon","coordinates":[[[-88.6026,41.8068],[-88.6013,41.9094],[-88.602,42.0665],[-88.5883,42.0665],[-88.5887,42.1536],[-88.2478,42.1536],[-88.2384,42.1542],[-88.2382,42.067],[-88.2636,42.0669],[-88.262,41.7247],[-88.6019,41.7196],[-88.6026,41.8068]]]}},{"type":"Feature","properties":{"fips":"17091","name":"Kankakee"},"geometry":{"type":"Polygon","coordinates":[[[-88.2515,41.1142],[-88.2409,41.1144],[-88.2441,41.2016],[-88.0118,41.2055],[-88.0139,41.2924],[-87.7817,41.2959],[-87.5267,41.2981],[-87.5263,41.0103],[-87.8123,41.0051],[-88.002,41.0001],[-88.2282,40.9956],[-88.2473,40.9946],[-88.2515,41.1142]]]}},{"type":"Feature","properties":{"fips":"17093","name":"Kendall"},"geometry":{"type":"Polygon","coordinates":[[[-88.6036,41.7195],[-88.2613,41.7247],[-88.2594,41.6435],[-88.2522,41.4631],[-88.4817,41.4579],[-88.596,41.4571],[-88.5993,41.5556],[-88.6006,41.5707],[-88.6036,41.7195]]]}},{"type":"Feature","properties":{"fips":"17095","name":"Knox"},"geometry":{"type":"Polygon","coordinates":[[[-90.4441,40.7294],[-90.4399,41.0364],[-90.4377,41.1515],[-90.3232,41.1512],[-90.2088,41.1521],[-90.0963,41.1499],[-89.9846,41.1494],[-89.9861,40.7124],[-90.4443,40.7149],[-90.4441,40.7294]]]}},{"type":"Feature","properties":{"fips":"17097","name":"Lake"},"geometry":{"type":"Polygon","coordinates":[[[-88.1996,42.1833],[-88.199,42.236],[-88.1982,42.2416],[-88.1994,42.496],[-88.1153,42.4962],[-87.8021,42.4926],[-87.7994,42.484],[-87.8005,42.4782],[-87.7981,42.4717],[-87.8008,42.4451],[-87.8032,42.4386],[-87.8046,42.4312],[-87.8033,42.3905],[-87.8058,42.3837],[-87.8075,42.3826],[-87.815,42.3694],[-87.8168,42.3616],[-87.8207,42.3615],[-87.8218,42.3626],[-87.8218,42.3643],[-87.8235,42.3642],[-87.824,42.3569],[-87.8258,42.3555],[-87.8272,42.3374],[-87.832,42.3283],[-87.8304,42.3123],[-87.8329,42.3089],[-87.8348,42.3015],[-87.8286,42.2699],[-87.8257,42.2624],[-87.8196,42.2518],[-87.8115,42.2285],[-87.8074,42.223],[-87.8018,42.2106],[-87.7959,42.2014],[-87.777,42.1761],[-87.7688,42.1671],[-87.7591,42.1523],[-88.1996,42.1543],[-88.1996,42.1833]]]}},{"type":"Feature","properties":{"fips":"17099","name":"LaSalle"},"geometry":{"type":"Polygon","coordinates":[[[-89.1672,41.6287],[-89.052,41.6267],[-88.9387,41.6283],[-88.8182,41.6314],[-88.7064,41.6304],[-88.6022,41.6314],[-88.6006,41.5707],[-88.5993,41.5556],[-88.5965,41.4751],[-88.5936,41.3697],[-88.5885,41.268],[-88.587,41.2023],[-88.5862,41.1083],[-88.9309,41.1059],[-88.9314,40.9277],[-89.0477,40.9257],[-89.0471,40.9805],[-89.0474,41.1048],[-89.1622,41.104],[-89.1632,41.28],[-89.1664,41.4816],[-89.1672,41.6287]]]}},{"type":"Feature","properties":{"fips":"17101","name":"Lawrence"},"geometry":{"type":"Polygon","coordinates":[[[-87.9123,38.5701],[-87.9103,38.5749],[-87.9081,38.8501],[-87.7866,38.85],[-87.787,38.8489],[-87.6843,38.8522],[-87.5758,38.8517],[-87.5758,38.8524],[-87.5321,38.8525],[-87.5282,38.8517],[-87.5259,38.8488],[-87.5267,38.8386],[-87.5222,38.8305],[-87.5217,38.8266],[-87.5239,38.8223],[-87.5265,38.8205],[-87.5273,38.8181],[-87.5216,38.813],[-87.5082,38.7957],[-87.5031,38.7929],[-87.4959,38.7854],[-87.4952,38.782],[-87.4974,38.7774],[-87.5043,38.7738],[-87.5118,38.7736],[-87.5145,38.7718],[-87.5144,38.7692],[-87.512,38.7675],[-87.5082,38.7673],[-87.5025,38.7692],[-87.4982,38.7683],[-87.497,38.7653],[-87.4989,38.7578],[-87.504,38.7497],[-87.5033,38.7471],[-87.4961,38.7421],[-87.4965,38.7393],[-87.5053,38.735],[-87.5085,38.7258],[-87.5167,38.7163],[-87.5195,38.7105],[-87.519,38.6995],[-87.522,38.6933],[-87.5312,38.684],[-87.5401,38.6791],[-87.5455,38.6776],[-87.5794,38.6725],[-87.5877,38.67],[-87.5972,38.6653],[-87.6002,38.6625],[-87.6029,38.6564],[-87.603,38.6512],[-87.6058,38.6465],[-87.6079,38.645],[-87.6173,38.6422],[-87.6201,38.6395],[-87.6209,38.6361],[-87.6189,38.6314],[-87.6157,38.6273],[-87.6162,38.6232],[-87.6218,38.6196],[-87.6228,38.6171],[-87.6205,38.6122],[-87.6266,38.6083],[-87.6273,38.6054],[-87.6241,38.597],[-87.6194,38.5948],[-87.6135,38.595],[-87.6113,38.5936],[-87.6109,38.5914],[-87.612,38.5892],[-87.6145,38.5875],[-87.6229,38.5862],[-87.6282,38.5881],[-87.6348,38.5927],[-87.6376,38.5927],[-87.6402,38.5898],[-87.6398,38.582],[-87.6381,38.5778],[-87.6396,38.5742],[-87.6429,38.5723],[-87.6502,38.5701],[-87.6515,38.5682],[-87.9123,38.5701]]]}},{"type":"Feature","properties":{"fips":"17103","name":"Lee"},"geometry":{"type":"Polygon","coordinates":[[[-89.6322,41.6786],[-89.6293,41.9016],[-89.48,41.9025],[-89.4791,41.9056],[-89.4762,41.9093],[-89.4715,41.9113],[-89.4646,41.9116],[-89.4548,41.9099],[-89.4465,41.9098],[-89.4346,41.9073],[-89.4282,41.9078],[-89.4224,41.9056],[-89.4217,41.9038],[-89.4222,41.8999],[-89.4249,41.8982],[-89.43,41.8969],[-89.4317,41.8952],[-89.4318,41.894],[-89.4211,41.8895],[-89.4148,41.8856],[-89.4132,41.8855],[-89.4112,41.8876],[-89.4121,41.8934],[-89.4111,41.8947],[-89.4083,41.8953],[-89.4054,41.8974],[-89.4022,41.9008],[-89.4021,41.9023],[-89.3987,41.9023],[-89.3987,41.9028],[-89.3604,41.9026],[-89.3606,41.888],[-89.2834,41.8879],[-88.9413,41.8918],[-88.9416,41.7261],[-88.9413,41.7172],[-88.9403,41.7168],[-88.9387,41.6283],[-89.052,41.6267],[-89.1672,41.6287],[-89.1666,41.5853],[-89.6315,41.5849],[-89.6322,41.6786]]]}},{"type":"Feature","properties":{"fips":"17105","name":"Livingston"},"geometry":{"type":"Polygon","coordinates":[[[-88.9315,40.9135],[-88.9309,41.1059],[-88.471,41.1089],[-88.2515,41.1142],[-88.2412,40.8203],[-88.237,40.675],[-88.2363,40.675],[-88.235,40.6182],[-88.3472,40.617],[-88.4585,40.6174],[-88.5745,40.6165],[-88.5752,40.6706],[-88.5823,40.6707],[-88.5843,40.7576],[-88.9293,40.7533],[-88.9315,40.9135]]]}},{"type":"Feature","properties":{"fips":"17107","name":"Logan"},"geometry":{"type":"Polygon","coordinates":[[[-89.6036,40.2184],[-89.601,40.2184],[-89.603,40.3203],[-89.2637,40.3253],[-89.2627,40.2809],[-89.1488,40.2825],[-89.146,40.1364],[-89.1435,39.9176],[-89.2405,39.9169],[-89.405,39.9182],[-89.405,39.9327],[-89.4835,39.9332],[-89.4838,39.9767],[-89.5783,39.9761],[-89.5794,40.0488],[-89.5787,40.0488],[-89.5791,40.0924],[-89.6011,40.0923],[-89.6036,40.2184]]]}},{"type":"Feature","properties":{"fips":"17109","name":"McDonough"},"geometry":{"type":"Polygon","coordinates":[[[-90.9096,40.2898],[-90.9061,40.5509],[-90.9042,40.6392],[-90.6732,40.6315],[-90.56,40.6304],[-90.4456,40.6276],[-90.4482,40.3791],[-90.4502,40.2763],[-90.5639,40.2783],[-90.6779,40.2786],[-90.9098,40.2844],[-90.9096,40.2898]]]}},{"type":"Feature","properties":{"fips":"17111","name":"McHenry"},"geometry":{"type":"Polygon","coordinates":[[[-88.7074,42.4936],[-88.6387,42.495],[-88.2717,42.4948],[-88.2501,42.4958],[-88.1994,42.496],[-88.1982,42.2416],[-88.199,42.236],[-88.1996,42.1543],[-88.2478,42.1536],[-88.7056,42.1535],[-88.7059,42.415],[-88.7074,42.4936]]]}},{"type":"Feature","properties":{"fips":"17113","name":"McLean"},"geometry":{"type":"Polygon","coordinates":[[[-89.2694,40.5943],[-89.1338,40.5967],[-89.1342,40.6115],[-89.1011,40.6123],[-89.1016,40.625],[-89.0822,40.6268],[-89.0444,40.6274],[-89.0453,40.6639],[-88.9847,40.665],[-88.9869,40.7523],[-88.8719,40.7543],[-88.5843,40.7576],[-88.5823,40.6707],[-88.5752,40.6706],[-88.5745,40.6165],[-88.4595,40.6173],[-88.4592,40.4862],[-88.4604,40.2819],[-88.4795,40.2818],[-88.4809,40.2812],[-89.0542,40.2831],[-89.2627,40.2809],[-89.2665,40.4856],[-89.2694,40.5943]]]}},{"type":"Feature","properties":{"fips":"17115","name":"Macon"},"geometry":{"type":"Polygon","coordinates":[[[-89.2178,39.917],[-89.1435,39.9176],[-89.1448,40.0489],[-89.0291,40.0498],[-88.9182,40.0532],[-88.8033,40.0553],[-88.7452,40.0552],[-88.7457,39.7921],[-88.7587,39.7921],[-88.7578,39.7399],[-88.8127,39.7405],[-88.8106,39.6532],[-88.9211,39.6527],[-89.0257,39.6546],[-89.1391,39.6551],[-89.142,39.8013],[-89.1515,39.8012],[-89.1515,39.8048],[-89.1607,39.8047],[-89.1607,39.8054],[-89.1652,39.808],[-89.1689,39.8095],[-89.1703,39.8119],[-89.1799,39.8119],[-89.1799,39.8154],[-89.1846,39.816],[-89.1882,39.8175],[-89.1893,39.8175],[-89.1892,39.8155],[-89.2128,39.8155],[-89.2128,39.8137],[-89.2175,39.8137],[-89.2178,39.917]]]}},{"type":"Feature","properties":{"fips":"17117","name":"Macoupin"},"geometry":{"type":"Polygon","coordinates":[[[-90.1538,39.5203],[-89.7017,39.5233],[-89.6993,39.348],[-89.7037,39.348],[-89.6999,39.1478],[-89.6986,38.999],[-90.0738,38.9985],[-90.146,38.9993],[-90.1463,39.1743],[-90.1495,39.3463],[-90.1506,39.3463],[-90.1538,39.5203]]]}},{"type":"Feature","properties":{"fips":"17119","name":"Madison"},"geometry":{"type":"Polygon","coordinates":[[[-90.2754,38.9348],[-90.274,38.999],[-89.813,38.9983],[-89.6393,38.9991],[-89.638,38.9332],[-89.637,38.9184],[-89.6379,38.9184],[-89.6369,38.8743],[-89.5996,38.8745],[-89.5951,38.6559],[-89.7609,38.6553],[-89.9565,38.658],[-90.0576,38.6586],[-90.1128,38.6599],[-90.1812,38.6601],[-90.1864,38.6747],[-90.1952,38.6876],[-90.2022,38.6935],[-90.2092,38.7028],[-90.212,38.7117],[-90.2119,38.718],[-90.2099,38.726],[-90.2052,38.7321],[-90.1913,38.7429],[-90.1834,38.7468],[-90.1763,38.7544],[-90.1751,38.7602],[-90.1713,38.7665],[-90.1664,38.7726],[-90.1467,38.783],[-90.1231,38.798],[-90.1177,38.8057],[-90.1147,38.815],[-90.1091,38.8374],[-90.1094,38.8435],[-90.1133,38.8493],[-90.1515,38.8671],[-90.1664,38.8763],[-90.1869,38.885],[-90.1976,38.8876],[-90.223,38.9074],[-90.2303,38.9109],[-90.2417,38.9148],[-90.2502,38.9193],[-90.257,38.9208],[-90.2628,38.9203],[-90.2757,38.9234],[-90.2754,38.9348]]]}},{"type":"Feature","properties":{"fips":"17121","name":"Marion"},"geometry":{"type":"Polygon","coordinates":[[[-89.1443,38.4766],[-89.1393,38.6635],[-89.1381,38.8242],[-89.0306,38.8229],[-88.9209,38.8244],[-88.8076,38.8245],[-88.6952,38.8263],[-88.6976,38.7086],[-88.699,38.4749],[-88.9224,38.477],[-89.0332,38.474],[-89.1444,38.4739],[-89.1443,38.4766]]]}},{"type":"Feature","properties":{"fips":"17123","name":"Marshall"},"geometry":{"type":"Polygon","coordinates":[[[-89.6387,40.9869],[-89.6385,41.1485],[-89.3293,41.1479],[-89.333,41.1394],[-89.3335,41.1237],[-89.3359,41.1173],[-89.34,41.1128],[-89.3422,41.1114],[-89.3522,41.1083],[-89.3557,41.1065],[-89.3584,41.1038],[-89.0474,41.1048],[-89.0471,40.9805],[-89.0477,40.9257],[-89.1604,40.9271],[-89.3903,40.9219],[-89.4725,40.9212],[-89.4651,40.9255],[-89.4589,40.933],[-89.4553,40.9355],[-89.454,40.9395],[-89.4552,40.9431],[-89.4551,40.9465],[-89.4481,40.9592],[-89.448,40.963],[-89.4492,40.9671],[-89.4477,40.9732],[-89.6387,40.9737],[-89.6387,40.9869]]]}},{"type":"Feature","properties":{"fips":"17125","name":"Mason"},"geometry":{"type":"Polygon","coordinates":[[[-90.3545,40.1242],[-90.3473,40.1265],[-90.3382,40.1356],[-90.3352,40.1372],[-90.323,40.1397],[-90.3158,40.1392],[-90.3076,40.14],[-90.2938,40.1461],[-90.2807,40.1492],[-90.2681,40.1546],[-90.2573,40.1548],[-90.2453,40.1531],[-90.2351,40.1506],[-90.2258,40.1501],[-90.2161,40.1505],[-90.2096,40.1531],[-90.2061,40.1558],[-90.2027,40.1607],[-90.2021,40.1651],[-90.2027,40.1739],[-90.2015,40.1806],[-90.1961,40.1898],[-90.1935,40.1921],[-90.1854,40.1938],[-90.1808,40.196],[-90.1748,40.2017],[-90.1711,40.211],[-90.1686,40.2135],[-90.158,40.2197],[-90.1525,40.221],[-90.1379,40.2226],[-90.1275,40.227],[-90.1203,40.2335],[-90.1176,40.2377],[-90.1109,40.2553],[-90.1073,40.2609],[-90.105,40.2631],[-90.0967,40.2667],[-90.0941,40.2689],[-90.0859,40.2769],[-90.0755,40.2893],[-90.0699,40.2944],[-90.0687,40.2961],[-90.0679,40.3041],[-90.0689,40.3125],[-90.0672,40.3167],[-90.0651,40.3192],[-90.0556,40.3252],[-90.0532,40.3278],[-90.0499,40.3374],[-90.0501,40.3401],[-90.0528,40.3475],[-90.0497,40.3569],[-90.0431,40.37],[-90.038,40.375],[-90.033,40.3778],[-90.0218,40.38],[-90.0064,40.3852],[-89.9949,40.3907],[-89.9838,40.3926],[-89.9815,40.3946],[-89.9776,40.402],[-89.9754,40.4045],[-89.9552,40.4202],[-89.9394,40.4302],[-89.9247,40.4359],[-89.8662,40.4357],[-89.8285,40.4344],[-89.7171,40.4357],[-89.7149,40.3192],[-89.603,40.3201],[-89.601,40.2184],[-89.6036,40.2184],[-89.6017,40.1224],[-89.6033,40.1214],[-89.6064,40.1236],[-89.6057,40.1262],[-89.6109,40.1273],[-89.6109,40.1286],[-89.6091,40.1292],[-89.6127,40.1325],[-89.6138,40.1346],[-89.6203,40.1362],[-89.6206,40.1389],[-89.6217,40.1411],[-89.6239,40.1432],[-89.6275,40.144],[-89.6268,40.1459],[-89.628,40.1469],[-89.628,40.1488],[-89.6292,40.1493],[-89.6322,40.1487],[-89.6331,40.1521],[-89.6345,40.1536],[-89.6366,40.1522],[-89.6382,40.153],[-89.6383,40.1549],[-89.6464,40.1536],[-89.6477,40.1548],[-89.6483,40.157],[-89.6503,40.1572],[-89.6513,40.1549],[-89.6565,40.157],[-89.6583,40.1559],[-89.6607,40.156],[-89.6616,40.1581],[-89.6652,40.16],[-89.669,40.1607],[-89.6709,40.1541],[-89.6728,40.1537],[-89.68,40.1555],[-89.6818,40.1536],[-89.6806,40.1513],[-89.6825,40.152],[-89.6838,40.155],[-89.6859,40.1536],[-89.6844,40.1522],[-89.685,40.1504],[-89.6869,40.1493],[-89.6867,40.1468],[-89.6884,40.1456],[-89.6917,40.1449],[-89.692,40.1426],[-89.6943,40.1409],[-89.6955,40.1409],[-89.6971,40.1422],[-89.7007,40.142],[-89.7043,40.1406],[-89.7048,40.143],[-89.7076,40.1428],[-89.7076,40.1457],[-89.7086,40.147],[-89.7118,40.1459],[-89.7118,40.1431],[-89.7156,40.1435],[-89.7192,40.1403],[-89.7223,40.1409],[-89.7219,40.1424],[-89.7274,40.1426],[-89.729,40.1411],[-89.7279,40.1388],[-89.7298,40.137],[-89.73,40.1356],[-89.7313,40.1374],[-89.7341,40.1377],[-89.7357,40.1346],[-89.7341,40.1342],[-89.734,40.1327],[-89.7357,40.1323],[-89.7377,40.1329],[-89.7394,40.1316],[-89.7424,40.1315],[-89.7415,40.1298],[-89.7439,40.1285],[-89.746,40.1295],[-89.7492,40.1269],[-89.751,40.1276],[-89.7542,40.1267],[-89.7556,40.1276],[-89.7581,40.1275],[-89.7612,40.1297],[-89.7629,40.1281],[-89.7652,40.1291],[-89.7684,40.1292],[-89.77,40.1285],[-89.7708,40.1302],[-89.7725,40.1306],[-89.7734,40.1322],[-89.7746,40.1317],[-89.7748,40.1294],[-89.7784,40.1285],[-89.7804,40.1271],[-89.7821,40.1271],[-89.7828,40.1292],[-89.7881,40.1301],[-89.7895,40.1286],[-89.7922,40.1286],[-89.7913,40.1264],[-89.7944,40.1238],[-89.7973,40.1254],[-89.7996,40.1253],[-89.8026,40.1237],[-89.8034,40.1248],[-89.806,40.124],[-89.8068,40.1249],[-89.8096,40.1246],[-89.8107,40.1238],[-89.8087,40.1216],[-89.8101,40.1212],[-89.8132,40.1221],[-89.8147,40.1244],[-89.8189,40.1254],[-89.8201,40.1228],[-89.8222,40.1235],[-89.8239,40.1229],[-89.8239,40.1215],[-89.8272,40.1257],[-89.8308,40.125],[-89.8312,40.1238],[-89.834,40.1244],[-89.8352,40.127],[-89.8372,40.1277],[-89.8371,40.1293],[-89.8381,40.1303],[-89.8407,40.1306],[-89.8421,40.1271],[-89.8433,40.1264],[-89.8521,40.13],[-89.8548,40.1302],[-89.8581,40.1291],[-89.8604,40.1299],[-89.8644,40.1279],[-89.8682,40.1297],[-89.8675,40.1327],[-89.8706,40.1367],[-89.8726,40.1374],[-89.8751,40.1365],[-89.8775,40.1339],[-89.8812,40.134],[-89.8808,40.1356],[-89.8819,40.1364],[-89.8858,40.1345],[-89.8841,40.1317],[-89.8841,40.1292],[-89.885,40.1282],[-89.8918,40.1305],[-89.8981,40.1278],[-89.9,40.1289],[-89.9037,40.134],[-89.9084,40.1378],[-89.9091,40.1353],[-89.9063,40.1334],[-89.9075,40.1316],[-89.9163,40.1335],[-89.9177,40.1356],[-89.9199,40.1363],[-89.9208,40.1385],[-89.9229,40.1381],[-89.9236,40.1359],[-89.925,40.1364],[-89.9248,40.1382],[-89.9261,40.14],[-89.9286,40.1398],[-89.9322,40.1373],[-89.9347,40.1378],[-89.9416,40.1367],[-89.9402,40.135],[-89.9366,40.1337],[-89.9372,40.132],[-89.942,40.1315],[-89.9426,40.1338],[-89.9449,40.1337],[-89.9449,40.1312],[-89.9461,40.1303],[-89.9482,40.1311],[-89.9488,40.1353],[-89.9506,40.1355],[-89.9515,40.1321],[-89.9526,40.1327],[-89.9542,40.1366],[-89.9569,40.1369],[-89.9581,40.1345],[-89.9589,40.1344],[-89.9602,40.1388],[-89.962,40.1388],[-89.963,40.1402],[-89.9631,40.143],[-89.9662,40.1431],[-89.9705,40.1421],[-89.9711,40.1409],[-89.9697,40.1382],[-89.9726,40.1376],[-89.9746,40.1357],[-89.974,40.1346],[-89.9719,40.1343],[-89.9715,40.1329],[-89.9767,40.1304],[-89.9758,40.129],[-89.9735,40.1284],[-89.9739,40.1271],[-89.9787,40.125],[-89.9817,40.1283],[-89.9849,40.1293],[-89.9866,40.129],[-89.9867,40.1276],[-89.9845,40.1243],[-89.9848,40.1232],[-89.9865,40.1228],[-89.9877,40.1239],[-89.9887,40.123],[-89.9879,40.1216],[-89.9887,40.1184],[-89.9876,40.1165],[-89.9835,40.1161],[-89.9827,40.1154],[-89.9832,40.1134],[-89.9858,40.112],[-89.9922,40.1119],[-89.9934,40.1108],[-89.9926,40.1091],[-89.9939,40.108],[-89.9951,40.1089],[-89.9951,40.1108],[-89.9963,40.1125],[-89.9976,40.1128],[-89.9979,40.1107],[-89.9998,40.1081],[-89.9998,40.1033],[-90.002,40.1036],[-90.0033,40.1093],[-90.0049,40.109],[-90.0061,40.1076],[-90.0059,40.1045],[-90.008,40.1033],[-90.0106,40.1039],[-90.0117,40.101],[-90.0129,40.1008],[-90.0137,40.1027],[-90.0152,40.103],[-90.0161,40.1021],[-90.0177,40.1021],[-90.0186,40.1032],[-90.0208,40.1036],[-90.0199,40.1046],[-90.0202,40.1056],[-90.0236,40.1047],[-90.0319,40.1055],[-90.0323,40.1061],[-90.031,40.1087],[-90.0317,40.1107],[-90.035,40.1082],[-90.0374,40.1034],[-90.0392,40.1026],[-90.0393,40.1073],[-90.041,40.109],[-90.0434,40.1088],[-90.0506,40.1034],[-90.0511,40.0996],[-90.053,40.0991],[-90.0562,40.1003],[-90.0629,40.1008],[-90.0647,40.1001],[-90.0658,40.0969],[-90.0652,40.0948],[-90.0657,40.0934],[-90.0718,40.0939],[-90.07,40.0911],[-90.0702,40.09],[-90.0742,40.0902],[-90.0794,40.0873],[-90.0777,40.086],[-90.0781,40.0853],[-90.0802,40.0858],[-90.0811,40.0849],[-90.0801,40.0831],[-90.0801,40.0809],[-90.0812,40.0801],[-90.088,40.084],[-90.0885,40.0829],[-90.0875,40.0813],[-90.0876,40.0798],[-90.0912,40.0806],[-90.0944,40.0771],[-90.0963,40.0778],[-90.0936,40.0805],[-90.0954,40.0811],[-90.0992,40.0778],[-90.1015,40.078],[-90.1026,40.0802],[-90.1043,40.0803],[-90.1049,40.0784],[-90.1066,40.0781],[-90.1086,40.0795],[-90.11,40.0782],[-90.1129,40.081],[-90.1142,40.08],[-90.1162,40.0808],[-90.116,40.0787],[-90.1216,40.0765],[-90.1227,40.0775],[-90.1268,40.0766],[-90.1304,40.0708],[-90.1301,40.0688],[-90.133,40.0685],[-90.1321,40.0665],[-90.1338,40.065],[-90.1348,40.0623],[-90.1392,40.0633],[-90.1381,40.0647],[-90.1383,40.066],[-90.1398,40.0659],[-90.1411,40.0644],[-90.143,40.0645],[-90.1449,40.0667],[-90.1503,40.0676],[-90.1497,40.0652],[-90.1541,40.0662],[-90.1564,40.0612],[-90.1581,40.0627],[-90.16,40.063],[-90.1606,40.0608],[-90.1677,40.0608],[-90.1694,40.0597],[-90.1703,40.0616],[-90.1724,40.0617],[-90.1734,40.0604],[-90.1765,40.0601],[-90.1779,40.0632],[-90.1797,40.0639],[-90.1829,40.0626],[-90.1817,40.0661],[-90.1827,40.067],[-90.1842,40.0666],[-90.1847,40.0646],[-90.1861,40.0644],[-90.1878,40.0658],[-90.1895,40.0654],[-90.1865,40.063],[-90.1863,40.0616],[-90.1888,40.0612],[-90.1896,40.0601],[-90.1921,40.06],[-90.1924,40.0573],[-90.1949,40.0562],[-90.1947,40.0538],[-90.2016,40.054],[-90.2036,40.0529],[-90.2068,40.0554],[-90.206,40.0595],[-90.2068,40.0602],[-90.2086,40.0597],[-90.2097,40.0565],[-90.2115,40.0553],[-90.2121,40.0561],[-90.2117,40.0588],[-90.2133,40.0592],[-90.2161,40.0563],[-90.2147,40.0555],[-90.216,40.0542],[-90.2163,40.0515],[-90.2181,40.0513],[-90.2194,40.054],[-90.2227,40.0551],[-90.2254,40.055],[-90.2268,40.0541],[-90.2267,40.0521],[-90.2279,40.0516],[-90.2299,40.057],[-90.2358,40.0583],[-90.2341,40.0609],[-90.2358,40.0609],[-90.2392,40.0581],[-90.2436,40.0579],[-90.2444,40.0593],[-90.2434,40.0609],[-90.2449,40.061],[-90.2472,40.0587],[-90.2473,40.0566],[-90.2505,40.0582],[-90.254,40.0571],[-90.2567,40.0589],[-90.2604,40.0593],[-90.2612,40.0615],[-90.2647,40.0611],[-90.2658,40.0621],[-90.2696,40.0612],[-90.2702,40.0575],[-90.2723,40.0549],[-90.2734,40.0547],[-90.2762,40.0567],[-90.2857,40.0557],[-90.2856,40.0578],[-90.2889,40.0587],[-90.2884,40.0605],[-90.2869,40.0621],[-90.2878,40.0638],[-90.2901,40.0642],[-90.2923,40.0635],[-90.2932,40.0645],[-90.2917,40.0655],[-90.2906,40.0689],[-90.2925,40.0697],[-90.298,40.0757],[-90.2998,40.0764],[-90.3021,40.076],[-90.305,40.0779],[-90.3045,40.0818],[-90.301,40.0835],[-90.303,40.0846],[-90.3024,40.0886],[-90.3033,40.0928],[-90.3049,40.0935],[-90.3066,40.0927],[-90.3071,40.0969],[-90.3091,40.0982],[-90.3128,40.1031],[-90.3126,40.1063],[-90.3138,40.107],[-90.3142,40.1101],[-90.3154,40.1117],[-90.3139,40.1129],[-90.3138,40.1148],[-90.3193,40.1171],[-90.3227,40.117],[-90.3285,40.1193],[-90.329,40.1202],[-90.3335,40.1203],[-90.3334,40.1181],[-90.3353,40.1194],[-90.3358,40.1224],[-90.337,40.1225],[-90.3388,40.1212],[-90.3393,40.1191],[-90.342,40.1178],[-90.3424,40.1168],[-90.3454,40.1184],[-90.3488,40.1179],[-90.35,40.1186],[-90.3506,40.1222],[-90.35,40.1232],[-90.3524,40.1222],[-90.3537,40.1225],[-90.3545,40.1242]]]}},{"type":"Feature","properties":{"fips":"17127","name":"Massac"},"geometry":{"type":"Polygon","coordinates":[[[-88.9288,37.3028],[-88.9265,37.3032],[-88.914,37.3107],[-88.9099,37.3124],[-88.909,37.3135],[-88.9024,37.3164],[-88.8976,37.3175],[-88.8976,37.3191],[-88.8992,37.3214],[-88.8956,37.326],[-88.8959,37.3268],[-88.8982,37.327],[-88.8981,37.3285],[-88.8964,37.3301],[-88.9021,37.333],[-88.9051,37.3357],[-88.7287,37.3353],[-88.7107,37.3371],[-88.6743,37.3085],[-88.6023,37.2478],[-88.562,37.2152],[-88.529,37.1889],[-88.4903,37.1595],[-88.4905,37.0682],[-88.5043,37.0656],[-88.5214,37.0656],[-88.5459,37.0706],[-88.5646,37.0772],[-88.5668,37.0755],[-88.5732,37.08],[-88.5742,37.0842],[-88.5838,37.092],[-88.5895,37.099],[-88.6011,37.1071],[-88.6259,37.1195],[-88.6306,37.121],[-88.638,37.1213],[-88.6449,37.1228],[-88.6878,37.1394],[-88.694,37.1412],[-88.7026,37.1426],[-88.7202,37.1406],[-88.7321,37.144],[-88.7531,37.1547],[-88.776,37.1688],[-88.7869,37.1786],[-88.7974,37.1849],[-88.8057,37.1886],[-88.8351,37.1965],[-88.8695,37.2097],[-88.9162,37.224],[-88.9279,37.2262],[-88.9288,37.3028]]]}},{"type":"Feature","properties":{"fips":"17129","name":"Menard"},"geometry":{"type":"Polygon","coordinates":[[[-89.9951,40.1089],[-89.9939,40.108],[-89.9926,40.1091],[-89.9934,40.1108],[-89.9922,40.1119],[-89.9858,40.112],[-89.9832,40.1134],[-89.9827,40.1154],[-89.9835,40.1161],[-89.9876,40.1165],[-89.9887,40.1184],[-89.9879,40.1216],[-89.9887,40.123],[-89.9877,40.1239],[-89.9865,40.1228],[-89.9848,40.1232],[-89.9845,40.1243],[-89.9867,40.1276],[-89.9866,40.129],[-89.9849,40.1293],[-89.9817,40.1283],[-89.9787,40.125],[-89.9739,40.1271],[-89.9735,40.1284],[-89.9758,40.129],[-89.9767,40.1304],[-89.9715,40.1329],[-89.9719,40.1343],[-89.974,40.1346],[-89.9746,40.1357],[-89.9726,40.1376],[-89.9697,40.1382],[-89.9711,40.1409],[-89.9705,40.1421],[-89.9662,40.1431],[-89.9631,40.143],[-89.963,40.1402],[-89.962,40.1388],[-89.9602,40.1388],[-89.9589,40.1344],[-89.9581,40.1345],[-89.9569,40.1369],[-89.9542,40.1366],[-89.9526,40.1327],[-89.9515,40.1321],[-89.9506,40.1355],[-89.9488,40.1353],[-89.9482,40.1311],[-89.9461,40.1303],[-89.9449,40.1312],[-89.9449,40.1337],[-89.9426,40.1338],[-89.942,40.1315],[-89.9372,40.132],[-89.9366,40.1337],[-89.9402,40.135],[-89.9416,40.1367],[-89.9347,40.1378],[-89.9322,40.1373],[-89.9286,40.1398],[-89.9261,40.14],[-89.9248,40.1382],[-89.925,40.1364],[-89.9236,40.1359],[-89.9229,40.1381],[-89.9208,40.1385],[-89.9199,40.1363],[-89.9177,40.1356],[-89.9163,40.1335],[-89.9075,40.1316],[-89.9063,40.1334],[-89.9091,40.1353],[-89.9084,40.1378],[-89.9037,40.134],[-89.9,40.1289],[-89.8981,40.1278],[-89.8918,40.1305],[-89.885,40.1282],[-89.8841,40.1292],[-89.8841,40.1317],[-89.8858,40.1345],[-89.8819,40.1364],[-89.8808,40.1356],[-89.8812,40.134],[-89.8775,40.1339],[-89.8751,40.1365],[-89.8726,40.1374],[-89.8706,40.1367],[-89.8675,40.1327],[-89.8682,40.1297],[-89.8644,40.1279],[-89.8604,40.1299],[-89.8581,40.1291],[-89.8548,40.1302],[-89.8521,40.13],[-89.8433,40.1264],[-89.8421,40.1271],[-89.8407,40.1306],[-89.8381,40.1303],[-89.8371,40.1293],[-89.8372,40.1277],[-89.8352,40.127],[-89.834,40.1244],[-89.8312,40.1238],[-89.8308,40.125],[-89.8272,40.1257],[-89.8239,40.1215],[-89.8239,40.1229],[-89.8222,40.1235],[-89.8201,40.1228],[-89.8189,40.1254],[-89.8147,40.1244],[-89.8132,40.1221],[-89.8101,40.1212],[-89.8087,40.1216],[-89.8107,40.1238],[-89.8096,40.1246],[-89.8068,40.1249],[-89.806,40.124],[-89.8034,40.1248],[-89.8026,40.1237],[-89.7996,40.1253],[-89.7973,40.1254],[-89.7944,40.1238],[-89.7913,40.1264],[-89.7922,40.1286],[-89.7895,40.1286],[-89.7881,40.1301],[-89.7828,40.1292],[-89.7821,40.1271],[-89.7804,40.1271],[-89.7784,40.1285],[-89.7748,40.1294],[-89.7746,40.1317],[-89.7734,40.1322],[-89.7725,40.1306],[-89.7708,40.1302],[-89.77,40.1285],[-89.7684,40.1292],[-89.7652,40.1291],[-89.7629,40.1281],[-89.7612,40.1297],[-89.7581,40.1275],[-89.7556,40.1276],[-89.7542,40.1267],[-89.751,40.1276],[-89.7492,40.1269],[-89.746,40.1295],[-89.7439,40.1285],[-89.7415,40.1298],[-89.7424,40.1315],[-89.7394,40.1316],[-89.7377,40.1329],[-89.7357,40.1323],[-89.734,40.1327],[-89.7341,40.1342],[-89.7357,40.1346],[-89.7341,40.1377],[-89.7313,40.1374],[-89.73,40.1356],[-89.7298,40.137],[-89.7279,40.1388],[-89.729,40.1411],[-89.7274,40.1426],[-89.7219,40.1424],[-89.7223,40.1409],[-89.7192,40.1403],[-89.7156,40.1435],[-89.7118,40.1431],[-89.7118,40.1459],[-89.7086,40.147],[-89.7076,40.1457],[-89.7076,40.1428],[-89.7048,40.143],[-89.7043,40.1406],[-89.7007,40.142],[-89.6971,40.1422],[-89.6955,40.1409],[-89.6943,40.1409],[-89.692,40.1426],[-89.6917,40.1449],[-89.6884,40.1456],[-89.6867,40.1468],[-89.6869,40.1493],[-89.685,40.1504],[-89.6844,40.1522],[-89.6859,40.1536],[-89.6838,40.155],[-89.6825,40.152],[-89.6806,40.1513],[-89.6818,40.1536],[-89.68,40.1555],[-89.6728,40.1537],[-89.6709,40.1541],[-89.669,40.1607],[-89.6652,40.16],[-89.6616,40.1581],[-89.6607,40.156],[-89.6583,40.1559],[-89.6565,40.157],[-89.6513,40.1549],[-89.6503,40.1572],[-89.6483,40.157],[-89.6477,40.1548],[-89.6464,40.1536],[-89.6383,40.1549],[-89.6382,40.153],[-89.6366,40.1522],[-89.6345,40.1536],[-89.6331,40.1521],[-89.6322,40.1487],[-89.6292,40.1493],[-89.628,40.1488],[-89.628,40.1469],[-89.6268,40.1459],[-89.6275,40.144],[-89.6239,40.1432],[-89.6217,40.1411],[-89.6206,40.1389],[-89.6203,40.1362],[-89.6138,40.1346],[-89.6127,40.1325],[-89.6091,40.1292],[-89.6109,40.1286],[-89.6109,40.1273],[-89.6057,40.1262],[-89.6064,40.1236],[-89.6059,40.1227],[-89.6033,40.1214],[-89.6017,40.1224],[-89.6011,40.0923],[-89.5791,40.0924],[-89.5787,40.0488],[-89.5794,40.0488],[-89.5783,39.9761],[-89.6983,39.9753],[-89.6976,39.9387],[-89.7023,39.9386],[-89.7019,39.9168],[-89.7691,39.9169],[-89.7692,39.9024],[-89.8826,39.9015],[-89.9945,39.9019],[-89.9951,40.1089]]]}},{"type":"Feature","properties":{"fips":"17131","name":"Mercer"},"geometry":{"type":"Polygon","coordinates":[[[-91.1142,41.25],[-91.1103,41.2561],[-91.1045,41.2621],[-91.1011,41.2672],[-91.092,41.2869],[-91.0869,41.2944],[-91.0775,41.3018],[-91.0748,41.3056],[-91.0732,41.3134],[-91.072,41.3334],[-90.8988,41.3322],[-90.7515,41.3289],[-90.55,41.3271],[-90.4337,41.327],[-90.4394,41.064],[-90.5505,41.0641],[-90.6677,41.0676],[-90.949,41.0702],[-90.9494,41.0727],[-90.9463,41.0947],[-90.9466,41.0966],[-90.9572,41.1111],[-90.9659,41.1196],[-90.9709,41.1301],[-90.9813,41.1427],[-90.9897,41.1557],[-90.9979,41.1626],[-91.0076,41.1662],[-91.0272,41.1634],[-91.0415,41.1661],[-91.0551,41.1858],[-91.0659,41.1995],[-91.073,41.2072],[-91.0814,41.2144],[-91.093,41.2226],[-91.1008,41.2305],[-91.1123,41.239],[-91.1136,41.2414],[-91.1142,41.25]]]}},{"type":"Feature","properties":{"fips":"17133","name":"Monroe"},"geometry":{"type":"Polygon","coordinates":[[[-90.3717,38.3044],[-90.3725,38.3234],[-90.3708,38.3336],[-90.3682,38.3403],[-90.3563,38.3604],[-90.3491,38.3775],[-90.3409,38.3888],[-90.3262,38.4007],[-90.3123,38.4146],[-90.2928,38.4287],[-90.2878,38.4392],[-90.284,38.4519],[-90.2792,38.4725],[-90.2759,38.4796],[-90.2749,38.4863],[-90.2638,38.5205],[-90.2376,38.4998],[-90.2367,38.4998],[-90.2367,38.4988],[-90.2353,38.4976],[-90.1454,38.4267],[-90.1456,38.4121],[-90.1288,38.3973],[-90.1267,38.3969],[-90.0361,38.3235],[-90.0361,38.3089],[-89.9131,38.3081],[-89.9098,38.3027],[-89.9064,38.2991],[-89.9041,38.2978],[-89.9042,38.2966],[-89.9068,38.2936],[-89.9061,38.292],[-89.9019,38.2884],[-89.9013,38.2868],[-89.9024,38.2843],[-89.9025,38.2815],[-89.9036,38.2794],[-89.9088,38.2762],[-89.9172,38.2778],[-89.918,38.2784],[-89.9177,38.2805],[-89.9121,38.2822],[-89.9112,38.2832],[-89.9113,38.2847],[-89.9135,38.286],[-89.916,38.2853],[-89.9189,38.2859],[-89.9202,38.2845],[-89.9195,38.2818],[-89.9225,38.2754],[-89.9252,38.2733],[-89.9249,38.2723],[-89.9209,38.272],[-89.9209,38.2711],[-89.9237,38.269],[-89.9203,38.2642],[-89.9145,38.2588],[-89.9134,38.2549],[-89.9144,38.2532],[-89.9173,38.2518],[-89.9163,38.2507],[-89.9112,38.2482],[-89.9105,38.2458],[-89.9088,38.2451],[-89.9075,38.2431],[-89.9072,38.2403],[-89.909,38.2386],[-89.9087,38.2376],[-89.901,38.2351],[-89.8975,38.2321],[-89.8968,38.2303],[-89.8979,38.2286],[-89.9037,38.2284],[-89.9045,38.2271],[-89.899,38.2208],[-90.0363,38.2232],[-90.036,38.1357],[-90.1096,38.1151],[-90.1225,38.1106],[-90.146,38.1047],[-90.2053,38.0867],[-90.2187,38.0944],[-90.2431,38.1127],[-90.2501,38.1251],[-90.2749,38.1576],[-90.2908,38.1705],[-90.3005,38.1752],[-90.3106,38.1786],[-90.3168,38.1795],[-90.3224,38.1816],[-90.3316,38.1876],[-90.3343,38.1899],[-90.3539,38.2139],[-90.3596,38.2245],[-90.3664,38.2459],[-90.3727,38.2862],[-90.3717,38.3044]]]}},{"type":"Feature","properties":{"fips":"17135","name":"Montgomery"},"geometry":{"type":"Polygon","coordinates":[[[-89.7037,39.348],[-89.6993,39.348],[-89.7017,39.5233],[-89.5335,39.5246],[-89.5308,39.3489],[-89.1398,39.3489],[-89.1395,39.2178],[-89.2505,39.2175],[-89.2503,39.0282],[-89.4733,39.0278],[-89.5863,39.0283],[-89.5861,38.9995],[-89.6986,38.999],[-89.6999,39.1478],[-89.7037,39.348]]]}},{"type":"Feature","properties":{"fips":"17137","name":"Morgan"},"geometry":{"type":"Polygon","coordinates":[[[-90.5972,39.7949],[-90.586,39.8056],[-90.5767,39.8189],[-90.567,39.8269],[-90.5657,39.8301],[-90.5666,39.8332],[-90.5794,39.8485],[-90.5824,39.8546],[-90.585,39.8637],[-90.5861,39.8714],[-90.5835,39.8767],[-90.2393,39.8732],[-89.9944,39.8729],[-89.9935,39.7854],[-89.9856,39.7854],[-89.9847,39.7181],[-89.924,39.5587],[-89.926,39.5221],[-90.1866,39.52],[-90.3018,39.5203],[-90.3007,39.6365],[-90.3381,39.6366],[-90.3378,39.6656],[-90.373,39.6658],[-90.3713,39.7531],[-90.4833,39.7534],[-90.4831,39.7892],[-90.5991,39.7901],[-90.5972,39.7949]]]}},{"type":"Feature","properties":{"fips":"17139","name":"Moultrie"},"geometry":{"type":"Polygon","coordinates":[[[-88.8127,39.7405],[-88.7578,39.7399],[-88.7587,39.7921],[-88.4732,39.7918],[-88.4705,39.447],[-88.5843,39.4476],[-88.5845,39.477],[-88.6032,39.477],[-88.6032,39.4916],[-88.6222,39.4919],[-88.6224,39.5065],[-88.6412,39.5067],[-88.6415,39.521],[-88.7169,39.5212],[-88.7175,39.5793],[-88.8091,39.5802],[-88.8127,39.7405]]]}},{"type":"Feature","properties":{"fips":"17141","name":"Ogle"},"geometry":{"type":"Polygon","coordinates":[[[-89.6885,42.1991],[-89.6298,42.2005],[-89.4545,42.201],[-89.173,42.2042],[-89.1728,42.1504],[-88.9397,42.1523],[-88.9389,42.0651],[-88.9421,42.065],[-88.9413,41.8918],[-89.2834,41.8879],[-89.3606,41.888],[-89.3604,41.9026],[-89.3987,41.9028],[-89.3987,41.9023],[-89.4021,41.9023],[-89.4022,41.9008],[-89.4054,41.8974],[-89.4083,41.8953],[-89.4111,41.8947],[-89.4121,41.8934],[-89.4112,41.8876],[-89.4132,41.8855],[-89.4148,41.8856],[-89.4211,41.8895],[-89.4318,41.894],[-89.4317,41.8952],[-89.43,41.8969],[-89.4249,41.8982],[-89.4222,41.8999],[-89.4217,41.9038],[-89.4224,41.9056],[-89.4282,41.9078],[-89.4346,41.9073],[-89.4465,41.9098],[-89.4548,41.9099],[-89.4646,41.9116],[-89.4715,41.9113],[-89.4762,41.9093],[-89.4791,41.9056],[-89.48,41.9025],[-89.6293,41.9016],[-89.6289,41.93],[-89.6854,41.9303],[-89.6865,41.9369],[-89.6853,42.0243],[-89.6847,42.0256],[-89.686,42.112],[-89.6885,42.1991]]]}},{"type":"Feature","properties":{"fips":"17143","name":"Peoria"},"geometry":{"type":"Polygon","coordinates":[[[-89.9889,40.6295],[-89.9861,40.7124],[-89.9853,40.8],[-89.9855,40.9745],[-89.8694,40.975],[-89.7546,40.9739],[-89.4477,40.9732],[-89.4492,40.9671],[-89.448,40.963],[-89.4481,40.9592],[-89.4551,40.9465],[-89.4552,40.9431],[-89.454,40.9395],[-89.4553,40.9355],[-89.4589,40.933],[-89.4651,40.9255],[-89.4725,40.9212],[-89.4736,40.9196],[-89.474,40.9156],[-89.4756,40.9121],[-89.4805,40.9077],[-89.4863,40.8994],[-89.4886,40.8988],[-89.4911,40.8943],[-89.4924,40.8864],[-89.4957,40.8787],[-89.4988,40.8741],[-89.5061,40.8673],[-89.524,40.8567],[-89.5248,40.8541],[-89.5266,40.8532],[-89.5286,40.8459],[-89.5267,40.8423],[-89.5393,40.8274],[-89.5413,40.8216],[-89.5481,40.8163],[-89.5507,40.8127],[-89.5515,40.8095],[-89.5595,40.7991],[-89.5636,40.7821],[-89.559,40.7739],[-89.5573,40.7688],[-89.556,40.7534],[-89.5517,40.7436],[-89.5495,40.7357],[-89.5496,40.73],[-89.5464,40.723],[-89.5527,40.7038],[-89.5582,40.6981],[-89.5672,40.6963],[-89.5759,40.6934],[-89.5819,40.6893],[-89.5919,40.6845],[-89.6035,40.6749],[-89.6138,40.6651],[-89.6164,40.6608],[-89.6165,40.6583],[-89.611,40.6523],[-89.6111,40.649],[-89.6124,40.6465],[-89.6171,40.64],[-89.6247,40.6336],[-89.6287,40.6287],[-89.643,40.6173],[-89.658,40.6026],[-89.66,40.5977],[-89.6597,40.5929],[-89.6588,40.5892],[-89.6539,40.5785],[-89.6546,40.573],[-89.6586,40.5674],[-89.6736,40.5551],[-89.6793,40.5528],[-89.6829,40.5526],[-89.6852,40.5535],[-89.6888,40.5584],[-89.6939,40.5613],[-89.6971,40.562],[-89.7023,40.5609],[-89.7071,40.5576],[-89.7414,40.5509],[-89.7459,40.5505],[-89.7678,40.553],[-89.7754,40.5527],[-89.7842,40.5493],[-89.8136,40.5406],[-89.8228,40.5364],[-89.8337,40.5303],[-89.8541,40.5229],[-89.8725,40.5132],[-89.8722,40.5806],[-89.8744,40.5809],[-89.8737,40.625],[-89.989,40.6258],[-89.9889,40.6295]]]}},{"type":"Feature","properties":{"fips":"17145","name":"Perry"},"geometry":{"type":"Polygon","coordinates":[[[-89.5948,37.9698],[-89.5924,38.1321],[-89.5928,38.2193],[-89.417,38.2148],[-89.3333,38.2137],[-89.231,38.2142],[-89.1476,38.2129],[-89.1498,38.1251],[-89.1296,38.1248],[-89.129,38.1234],[-89.1316,38.1169],[-89.1293,38.1168],[-89.1304,38.1135],[-89.1292,38.1093],[-89.1308,38.1086],[-89.1308,38.1074],[-89.1321,38.1065],[-89.1311,38.1054],[-89.1323,38.1033],[-89.1335,38.1056],[-89.1374,38.1052],[-89.1373,38.1041],[-89.1348,38.1017],[-89.1285,38.1008],[-89.1272,38.0986],[-89.1224,38.0978],[-89.1216,38.0965],[-89.1179,38.0963],[-89.1153,38.0938],[-89.1192,38.0904],[-89.1173,38.0893],[-89.1177,38.0872],[-89.1157,38.0855],[-89.1211,38.0842],[-89.1192,38.0822],[-89.1202,38.0816],[-89.1218,38.0832],[-89.1227,38.0823],[-89.1223,38.0801],[-89.1198,38.0781],[-89.1193,38.0767],[-89.1201,38.0757],[-89.119,38.0743],[-89.1207,38.0737],[-89.1188,38.0721],[-89.1203,38.071],[-89.1185,38.0702],[-89.119,38.0695],[-89.1224,38.0709],[-89.1233,38.0701],[-89.1206,38.0673],[-89.1191,38.0676],[-89.1191,38.0666],[-89.1217,38.0649],[-89.1235,38.0649],[-89.1232,38.0633],[-89.1183,38.0632],[-89.1194,38.0647],[-89.1177,38.0647],[-89.1171,38.0639],[-89.119,38.0614],[-89.1208,38.0621],[-89.1222,38.0604],[-89.1186,38.0592],[-89.1204,38.0579],[-89.1219,38.0578],[-89.1224,38.0594],[-89.1236,38.0576],[-89.1227,38.0565],[-89.1256,38.0548],[-89.1267,38.0556],[-89.1276,38.0547],[-89.1269,38.053],[-89.132,38.0525],[-89.1311,38.0544],[-89.1329,38.0542],[-89.1331,38.0501],[-89.1341,38.0492],[-89.1304,38.0478],[-89.1311,38.047],[-89.1336,38.047],[-89.1349,38.0448],[-89.1378,38.0473],[-89.1391,38.0463],[-89.1381,38.0443],[-89.1397,38.0439],[-89.1384,38.0416],[-89.1366,38.0402],[-89.1372,38.0385],[-89.1389,38.0376],[-89.1405,38.0353],[-89.139,38.0343],[-89.1403,38.0331],[-89.143,38.0331],[-89.1468,38.0315],[-89.144,38.0287],[-89.1424,38.0291],[-89.143,38.026],[-89.1405,38.0266],[-89.1382,38.0252],[-89.1376,38.0237],[-89.1385,38.0226],[-89.1368,38.0214],[-89.1361,38.018],[-89.1403,38.0162],[-89.1399,38.0133],[-89.142,38.0112],[-89.1441,38.0114],[-89.145,38.0107],[-89.1453,38.0088],[-89.1424,38.0036],[-89.1431,38.0017],[-89.1407,38.0004],[-89.1403,37.9987],[-89.1415,37.9969],[-89.1401,37.9957],[-89.1408,37.9947],[-89.143,37.994],[-89.1427,37.9925],[-89.144,37.9915],[-89.1438,37.9899],[-89.1466,37.9888],[-89.1458,37.9857],[-89.1498,37.9818],[-89.1497,37.9796],[-89.1524,37.9791],[-89.1538,37.9776],[-89.1551,37.9678],[-89.1607,37.9619],[-89.1609,37.9592],[-89.1619,37.9574],[-89.1648,37.9551],[-89.1711,37.9546],[-89.1748,37.9536],[-89.1752,37.9528],[-89.1782,37.9526],[-89.1776,37.9503],[-89.2062,37.9502],[-89.282,37.9506],[-89.5951,37.9553],[-89.5948,37.9698]]]}},{"type":"Feature","properties":{"fips":"17147","name":"Piatt"},"geometry":{"type":"Polygon","coordinates":[[[-88.746,39.8581],[-88.7451,39.9676],[-88.7453,40.0988],[-88.6882,40.0986],[-88.688,40.1423],[-88.5749,40.2815],[-88.4809,40.2812],[-88.4795,40.2818],[-88.4604,40.2819],[-88.4607,40.2233],[-88.4636,40.2233],[-88.4623,39.7918],[-88.7457,39.7921],[-88.746,39.8581]]]}},{"type":"Feature","properties":{"fips":"17149","name":"Pike"},"geometry":{"type":"Polygon","coordinates":[[[-91.37,39.745],[-91.3674,39.7539],[-91.3651,39.7587],[-91.2658,39.7574],[-90.916,39.7572],[-90.9167,39.8449],[-90.8943,39.8411],[-90.7994,39.841],[-90.5714,39.839],[-90.5666,39.8332],[-90.5657,39.8301],[-90.567,39.8269],[-90.5767,39.8189],[-90.586,39.8056],[-90.5972,39.7949],[-90.5991,39.7901],[-90.6069,39.7764],[-90.6074,39.7729],[-90.6062,39.7684],[-90.6076,39.7639],[-90.6284,39.7295],[-90.641,39.7174],[-90.646,39.7028],[-90.6461,39.6983],[-90.6445,39.6931],[-90.6335,39.673],[-90.6295,39.6701],[-90.6089,39.6403],[-90.6074,39.6355],[-90.6074,39.6287],[-90.605,39.6201],[-90.5981,39.6048],[-90.5921,39.5967],[-90.5829,39.5746],[-90.5807,39.5671],[-90.5766,39.5595],[-90.5744,39.5462],[-90.5724,39.543],[-90.5723,39.5392],[-90.5744,39.5352],[-90.5809,39.5274],[-90.5819,39.5242],[-90.5805,39.518],[-90.581,39.5146],[-90.5822,39.5103],[-90.5877,39.5],[-90.5884,39.4964],[-90.5906,39.4937],[-90.5921,39.487],[-90.6076,39.4638],[-90.6105,39.4574],[-90.6118,39.4426],[-90.6128,39.4379],[-90.616,39.4306],[-90.6168,39.4239],[-90.6153,39.4137],[-90.6154,39.407],[-90.6136,39.3987],[-90.6138,39.3954],[-90.6874,39.3964],[-90.7628,39.3991],[-90.9083,39.4003],[-90.9112,39.3996],[-90.9368,39.3995],[-90.9408,39.404],[-90.9483,39.4075],[-90.9575,39.409],[-90.9675,39.4119],[-90.9725,39.4141],[-90.9776,39.4183],[-90.983,39.4205],[-90.9938,39.423],[-91.0037,39.4276],[-91.0236,39.4387],[-91.0383,39.4484],[-91.0594,39.4689],[-91.0624,39.4741],[-91.0643,39.4946],[-91.0753,39.5028],[-91.0798,39.5077],[-91.0863,39.5171],[-91.0929,39.5293],[-91.1003,39.5387],[-91.1483,39.5458],[-91.1536,39.5482],[-91.1636,39.5586],[-91.1684,39.5649],[-91.1747,39.5933],[-91.1819,39.6027],[-91.1859,39.6051],[-91.2233,39.6176],[-91.2293,39.6209],[-91.2412,39.6301],[-91.2488,39.6409],[-91.2605,39.649],[-91.2668,39.657],[-91.2761,39.6658],[-91.2833,39.6701],[-91.3025,39.6796],[-91.3053,39.684],[-91.3178,39.6926],[-91.3316,39.7004],[-91.3453,39.7094],[-91.3527,39.7153],[-91.3678,39.729],[-91.37,39.7325],[-91.37,39.745]]]}},{"type":"Feature","properties":{"fips":"17151","name":"Pope"},"geometry":{"type":"Polygon","coordinates":[[[-88.7107,37.4276],[-88.7085,37.5991],[-88.4127,37.5996],[-88.4153,37.4235],[-88.426,37.4194],[-88.4393,37.4164],[-88.4501,37.4117],[-88.456,37.4085],[-88.4702,37.3963],[-88.4766,37.3869],[-88.4785,37.3751],[-88.4821,37.3646],[-88.4826,37.3549],[-88.4845,37.3456],[-88.4869,37.3396],[-88.5006,37.3178],[-88.5051,37.3079],[-88.5115,37.2985],[-88.5147,37.2909],[-88.5159,37.284],[-88.5096,37.2734],[-88.5069,37.2667],[-88.5093,37.2621],[-88.508,37.2603],[-88.5008,37.2536],[-88.4924,37.2484],[-88.4873,37.2441],[-88.485,37.2408],[-88.4797,37.2296],[-88.4718,37.2202],[-88.467,37.217],[-88.4588,37.2135],[-88.4507,37.207],[-88.4478,37.2035],[-88.4395,37.1817],[-88.4378,37.18],[-88.4335,37.1659],[-88.4338,37.1641],[-88.4315,37.1603],[-88.4281,37.1578],[-88.4244,37.1524],[-88.4248,37.1499],[-88.4347,37.1264],[-88.4435,37.1092],[-88.4409,37.1076],[-88.4447,37.1005],[-88.4448,37.0953],[-88.4494,37.0876],[-88.4606,37.0743],[-88.4822,37.0674],[-88.4905,37.0682],[-88.4903,37.1595],[-88.529,37.1889],[-88.562,37.2152],[-88.6023,37.2478],[-88.6743,37.3085],[-88.7107,37.3371],[-88.7107,37.4276]]]}},{"type":"Feature","properties":{"fips":"17153","name":"Pulaski"},"geometry":{"type":"Polygon","coordinates":[[[-89.2736,37.127],[-89.2723,37.1295],[-89.2686,37.1333],[-89.2678,37.1383],[-89.2662,37.1404],[-89.2588,37.1437],[-89.2579,37.1466],[-89.2601,37.1515],[-89.2596,37.155],[-89.2566,37.1599],[-89.2568,37.1611],[-89.2595,37.1591],[-89.2679,37.1589],[-89.269,37.1595],[-89.2694,37.1612],[-89.2671,37.1618],[-89.2667,37.1635],[-89.2629,37.1637],[-89.2613,37.1667],[-89.2618,37.1699],[-89.2631,37.1709],[-89.2644,37.17],[-89.2665,37.1708],[-89.2666,37.1715],[-89.2635,37.1755],[-89.2659,37.176],[-89.2647,37.1785],[-89.2673,37.1805],[-89.2659,37.1837],[-89.2647,37.1844],[-89.2608,37.1831],[-89.2592,37.1844],[-89.2579,37.1842],[-89.2582,37.1857],[-89.2559,37.1881],[-89.2521,37.1889],[-89.253,37.1893],[-89.2519,37.1909],[-89.2532,37.1922],[-89.2559,37.193],[-89.2533,37.1936],[-89.2523,37.1961],[-89.2558,37.197],[-89.2567,37.1984],[-89.258,37.1985],[-89.2578,37.1962],[-89.2588,37.1974],[-89.2602,37.1974],[-89.2602,37.2001],[-89.2622,37.2006],[-89.2626,37.2017],[-89.2594,37.2025],[-89.2638,37.2038],[-89.2636,37.2045],[-89.2621,37.2041],[-89.26,37.2061],[-89.2599,37.2076],[-89.2611,37.2084],[-89.2591,37.2097],[-89.2593,37.2107],[-89.2605,37.211],[-89.2605,37.2098],[-89.2643,37.2121],[-89.2642,37.2132],[-89.2625,37.2134],[-89.2625,37.2162],[-89.2616,37.2178],[-89.2623,37.2187],[-89.2613,37.2201],[-89.2631,37.2207],[-89.2644,37.2225],[-89.2661,37.2223],[-89.2652,37.2238],[-89.2677,37.2263],[-89.2664,37.2266],[-89.2654,37.2258],[-89.2641,37.2265],[-89.262,37.2308],[-89.2604,37.231],[-89.2596,37.2295],[-89.2612,37.229],[-89.2616,37.2273],[-89.259,37.2282],[-89.2565,37.2276],[-89.2577,37.2287],[-89.2562,37.2319],[-89.255,37.2321],[-89.2548,37.2348],[-89.253,37.2379],[-89.252,37.2417],[-89.2504,37.2433],[-89.25,37.2478],[-89.2514,37.2491],[-89.2495,37.249],[-89.2484,37.2513],[-89.2514,37.2518],[-89.2516,37.2529],[-89.2497,37.2532],[-89.2484,37.255],[-89.2507,37.2564],[-89.2475,37.2589],[-89.2485,37.2597],[-89.2464,37.2622],[-89.2459,37.2639],[-89.2434,37.2641],[-89.2415,37.2652],[-89.2424,37.2664],[-89.2381,37.2707],[-89.2347,37.2723],[-89.2277,37.2734],[-89.2274,37.2752],[-89.2236,37.2774],[-89.2218,37.2775],[-89.221,37.2791],[-89.2128,37.281],[-89.2105,37.2803],[-89.2027,37.2894],[-89.2025,37.2907],[-89.2034,37.3068],[-89.2058,37.317],[-89.2089,37.3189],[-89.2066,37.3214],[-89.2073,37.3222],[-89.2099,37.3234],[-89.211,37.3228],[-89.2126,37.3231],[-89.216,37.3248],[-89.2169,37.3269],[-89.2199,37.3277],[-89.2222,37.3295],[-89.2217,37.3307],[-89.2226,37.332],[-89.2378,37.3314],[-89.2447,37.332],[-89.2486,37.3353],[-89.0994,37.3336],[-89.0448,37.3297],[-89.0447,37.2941],[-89.0329,37.2978],[-89.0184,37.3091],[-89.0035,37.3112],[-88.9994,37.3095],[-88.998,37.3079],[-88.9964,37.3094],[-88.9918,37.3098],[-88.9794,37.3053],[-88.9685,37.3031],[-88.9644,37.3005],[-88.9631,37.2975],[-88.9618,37.299],[-88.9612,37.2976],[-88.9592,37.2987],[-88.9591,37.2977],[-88.9573,37.2981],[-88.9558,37.2975],[-88.9538,37.2993],[-88.9527,37.2984],[-88.9505,37.2994],[-88.949,37.3012],[-88.9447,37.3023],[-88.942,37.304],[-88.9404,37.3032],[-88.937,37.3039],[-88.9349,37.3027],[-88.9322,37.3035],[-88.9288,37.3028],[-88.9279,37.2262],[-88.9341,37.2277],[-88.9344,37.2248],[-88.9532,37.2248],[-88.966,37.2263],[-88.9695,37.2283],[-88.9747,37.2297],[-88.9833,37.2287],[-89.001,37.2244],[-89.0059,37.2219],[-89.014,37.2161],[-89.03,37.2111],[-89.0376,37.2039],[-89.0413,37.2029],[-89.058,37.1888],[-89.0762,37.1751],[-89.0865,37.1656],[-89.0929,37.1564],[-89.0958,37.1504],[-89.0967,37.1462],[-89.1036,37.1321],[-89.1107,37.122],[-89.1251,37.1088],[-89.1429,37.099],[-89.1475,37.0989],[-89.1506,37.0938],[-89.1471,37.0916],[-89.1497,37.09],[-89.1524,37.09],[-89.1557,37.0877],[-89.1681,37.0742],[-89.1719,37.0682],[-89.1735,37.0701],[-89.1766,37.0689],[-89.1796,37.0691],[-89.1808,37.0701],[-89.1806,37.0721],[-89.1846,37.0791],[-89.1877,37.0803],[-89.1927,37.0845],[-89.1972,37.0858],[-89.1956,37.0871],[-89.1955,37.0886],[-89.2003,37.0887],[-89.202,37.088],[-89.2021,37.0859],[-89.2053,37.0861],[-89.2137,37.0896],[-89.2257,37.0918],[-89.2282,37.0917],[-89.2317,37.0899],[-89.2345,37.0906],[-89.2356,37.093],[-89.239,37.0923],[-89.2399,37.0928],[-89.2379,37.0938],[-89.2377,37.0948],[-89.2399,37.0967],[-89.2414,37.0968],[-89.2411,37.0948],[-89.2422,37.0949],[-89.244,37.1006],[-89.248,37.1001],[-89.2492,37.0988],[-89.2506,37.0997],[-89.254,37.0994],[-89.253,37.1017],[-89.254,37.1033],[-89.2566,37.1039],[-89.258,37.1027],[-89.2612,37.1051],[-89.2611,37.1075],[-89.2618,37.1086],[-89.2635,37.1087],[-89.2657,37.1108],[-89.2651,37.1135],[-89.2628,37.1127],[-89.2626,37.1146],[-89.267,37.1157],[-89.2653,37.1174],[-89.2695,37.1188],[-89.2681,37.1199],[-89.2692,37.1225],[-89.2727,37.1242],[-89.2736,37.127]]]}},{"type":"Feature","properties":{"fips":"17155","name":"Putnam"},"geometry":{"type":"Polygon","coordinates":[[[-89.4664,41.1922],[-89.4664,41.2339],[-89.3567,41.233],[-89.3482,41.2593],[-89.3399,41.2743],[-89.3371,41.2817],[-89.3373,41.2838],[-89.3424,41.2932],[-89.3419,41.2954],[-89.338,41.2997],[-89.3048,41.307],[-89.2927,41.311],[-89.2835,41.3124],[-89.2717,41.3206],[-89.2689,41.3218],[-89.2635,41.3225],[-89.2554,41.3219],[-89.2494,41.3193],[-89.2398,41.3177],[-89.2249,41.3131],[-89.2031,41.3123],[-89.1807,41.3092],[-89.1664,41.3091],[-89.1637,41.3102],[-89.1622,41.104],[-89.3584,41.1038],[-89.3557,41.1065],[-89.3522,41.1083],[-89.3422,41.1114],[-89.34,41.1128],[-89.3359,41.1173],[-89.3335,41.1237],[-89.333,41.1394],[-89.3293,41.1479],[-89.4661,41.1485],[-89.4664,41.1922]]]}},{"type":"Feature","properties":{"fips":"17157","name":"Randolph"},"geometry":{"type":"Polygon","coordinates":[[[-90.2053,38.0867],[-90.146,38.1047],[-90.1225,38.1106],[-90.1096,38.1151],[-90.036,38.1357],[-90.0363,38.2232],[-89.9663,38.2216],[-89.8157,38.2199],[-89.5928,38.2193],[-89.5924,38.1321],[-89.5951,37.9553],[-89.6563,37.8587],[-89.658,37.8555],[-89.6583,37.8524],[-89.6572,37.8513],[-89.6577,37.8469],[-89.6593,37.8443],[-89.6595,37.8406],[-89.661,37.8399],[-89.6603,37.8384],[-89.6622,37.8377],[-89.6616,37.8355],[-89.6643,37.8329],[-89.6644,37.8291],[-89.6654,37.8283],[-89.6682,37.8296],[-89.6722,37.8254],[-89.6786,37.8238],[-89.6808,37.8221],[-89.6744,37.803],[-89.6829,37.8078],[-89.7028,37.8168],[-89.7175,37.8257],[-89.7294,37.8351],[-89.7399,37.8469],[-89.7541,37.8464],[-89.7652,37.8518],[-89.7743,37.8521],[-89.782,37.8551],[-89.7864,37.8517],[-89.7961,37.8595],[-89.8004,37.8686],[-89.7998,37.8714],[-89.7977,37.8742],[-89.798,37.8797],[-89.7993,37.8815],[-89.8136,37.8877],[-89.8426,37.9052],[-89.8448,37.9056],[-89.851,37.904],[-89.8629,37.8969],[-89.8766,37.8833],[-89.8815,37.8796],[-89.9018,37.8698],[-89.9133,37.8696],[-89.9232,37.8707],[-89.9374,37.8747],[-89.9506,37.8815],[-89.9525,37.8832],[-89.9736,37.9177],[-89.9749,37.9267],[-89.9684,37.9315],[-89.9623,37.9344],[-89.9596,37.9402],[-89.9474,37.9403],[-89.9379,37.9462],[-89.9325,37.9475],[-89.9254,37.9541],[-89.9251,37.96],[-89.9337,37.9591],[-89.9359,37.9596],[-89.9408,37.971],[-89.9642,37.9646],[-89.9789,37.9628],[-89.9887,37.9618],[-89.9971,37.9632],[-90.0001,37.9646],[-90.0053,37.968],[-90.0216,37.9854],[-90.0317,37.995],[-90.0356,37.9977],[-90.0524,38.0062],[-90.0573,38.0144],[-90.065,38.0169],[-90.0723,38.017],[-90.081,38.0154],[-90.0883,38.0158],[-90.0938,38.0178],[-90.1105,38.0265],[-90.1174,38.0317],[-90.1262,38.0407],[-90.1264,38.0549],[-90.1282,38.0596],[-90.1308,38.0623],[-90.1579,38.0748],[-90.1634,38.0743],[-90.1722,38.0696],[-90.1772,38.0712],[-90.2053,38.0867]]]}},{"type":"Feature","properties":{"fips":"17159","name":"Richland"},"geometry":{"type":"Polygon","coordinates":[[[-88.2953,38.6367],[-88.296,38.6385],[-88.2937,38.64],[-88.2941,38.6411],[-88.2934,38.642],[-88.287,38.6427],[-88.2878,38.6436],[-88.2909,38.6432],[-88.2909,38.644],[-88.288,38.6454],[-88.287,38.6471],[-88.2842,38.6487],[-88.2845,38.6501],[-88.2829,38.6504],[-88.2798,38.6532],[-88.2754,38.6545],[-88.2768,38.6552],[-88.2743,38.6561],[-88.2731,38.6579],[-88.2766,38.6593],[-88.2746,38.6604],[-88.2759,38.6614],[-88.2752,38.6622],[-88.2728,38.6625],[-88.2723,38.6636],[-88.2731,38.6652],[-88.2748,38.6655],[-88.2744,38.6669],[-88.2762,38.668],[-88.2764,38.6694],[-88.2794,38.6697],[-88.2798,38.6723],[-88.2781,38.6746],[-88.279,38.6768],[-88.2845,38.6816],[-88.2819,38.6832],[-88.284,38.687],[-88.2836,38.6883],[-88.2852,38.6887],[-88.2843,38.69],[-88.2823,38.69],[-88.2819,38.6907],[-88.2848,38.6929],[-88.2849,38.6949],[-88.2821,38.6949],[-88.2815,38.6957],[-88.283,38.6962],[-88.2833,38.6993],[-88.2854,38.699],[-88.2848,38.7],[-88.2863,38.7021],[-88.2841,38.7027],[-88.2859,38.7036],[-88.2862,38.705],[-88.2841,38.7058],[-88.2858,38.7065],[-88.2854,38.7081],[-88.2829,38.7076],[-88.2824,38.7082],[-88.2845,38.7087],[-88.2841,38.7096],[-88.2863,38.711],[-88.2843,38.7111],[-88.2834,38.7125],[-88.2849,38.7135],[-88.283,38.7144],[-88.2823,38.7162],[-88.2828,38.7168],[-88.2846,38.7159],[-88.2862,38.716],[-88.2864,38.7181],[-88.2816,38.7204],[-88.2843,38.7198],[-88.2861,38.7202],[-88.2836,38.7231],[-88.2846,38.7244],[-88.2826,38.7256],[-88.2865,38.727],[-88.2871,38.7279],[-88.285,38.7275],[-88.2827,38.7298],[-88.2822,38.7313],[-88.2835,38.7318],[-88.2578,38.7309],[-88.2586,38.8475],[-88.1503,38.847],[-88.0359,38.8498],[-87.9081,38.8501],[-87.9103,38.5749],[-87.9123,38.5701],[-88.024,38.5706],[-88.1478,38.569],[-88.1482,38.598],[-88.254,38.5995],[-88.2536,38.6004],[-88.2508,38.6],[-88.2491,38.6015],[-88.252,38.6037],[-88.2526,38.6056],[-88.2572,38.6071],[-88.259,38.6064],[-88.2606,38.6075],[-88.2593,38.609],[-88.2611,38.6096],[-88.2628,38.6085],[-88.2634,38.6091],[-88.2631,38.6107],[-88.2651,38.611],[-88.2671,38.6127],[-88.2711,38.612],[-88.2721,38.6137],[-88.2713,38.6167],[-88.2694,38.6174],[-88.2693,38.6184],[-88.2726,38.6197],[-88.2766,38.6159],[-88.2783,38.6164],[-88.2777,38.618],[-88.2765,38.6187],[-88.278,38.6204],[-88.2795,38.6205],[-88.2788,38.6176],[-88.281,38.6169],[-88.2825,38.617],[-88.2831,38.6183],[-88.2859,38.6193],[-88.2858,38.6211],[-88.2831,38.6224],[-88.2833,38.6239],[-88.2809,38.6246],[-88.2844,38.6265],[-88.2864,38.6251],[-88.2921,38.6262],[-88.2923,38.6275],[-88.2894,38.6281],[-88.2887,38.629],[-88.2893,38.6301],[-88.2975,38.6347],[-88.2953,38.6367]]]}},{"type":"Feature","properties":{"fips":"17161","name":"Rock Island"},"geometry":{"type":"Polygon","coordinates":[[[-91.0719,41.3336],[-91.0716,41.3397],[-91.0665,41.3652],[-91.0651,41.3691],[-91.0516,41.3853],[-91.0503,41.4],[-91.0478,41.4109],[-91.0459,41.4141],[-91.0399,41.4185],[-91.0278,41.4236],[-91.0058,41.4261],[-90.9849,41.4339],[-90.9798,41.4343],[-90.9752,41.434],[-90.9667,41.4301],[-90.9498,41.4242],[-90.93,41.4214],[-90.9243,41.4229],[-90.9194,41.4256],[-90.9005,41.4312],[-90.8908,41.4354],[-90.8576,41.4528],[-90.8466,41.4551],[-90.8374,41.4556],[-90.8247,41.4545],[-90.8073,41.4545],[-90.7863,41.4529],[-90.7776,41.4513],[-90.7501,41.4496],[-90.7375,41.4501],[-90.7012,41.4547],[-90.691,41.4566],[-90.6764,41.4608],[-90.6662,41.4606],[-90.6558,41.4621],[-90.6502,41.465],[-90.6325,41.4787],[-90.6185,41.485],[-90.6059,41.4942],[-90.6042,41.497],[-90.6021,41.506],[-90.5952,41.511],[-90.582,41.5151],[-90.5711,41.5163],[-90.5672,41.5175],[-90.5562,41.5242],[-90.5409,41.5261],[-90.533,41.5249],[-90.5131,41.5195],[-90.5006,41.518],[-90.4743,41.5197],[-90.4614,41.5235],[-90.4452,41.5361],[-90.4327,41.5495],[-90.4222,41.5542],[-90.4158,41.5629],[-90.4128,41.5653],[-90.3979,41.5722],[-90.3813,41.5766],[-90.3641,41.5796],[-90.3432,41.5878],[-90.3415,41.5906],[-90.3395,41.5986],[-90.3435,41.647],[-90.3367,41.6645],[-90.3345,41.6796],[-90.3302,41.684],[-90.3173,41.6917],[-90.3147,41.6948],[-90.3134,41.6981],[-90.3129,41.7075],[-90.3174,41.7183],[-90.3177,41.7227],[-90.3152,41.7343],[-90.3107,41.7422],[-90.3028,41.75],[-90.2786,41.7674],[-90.2633,41.7721],[-90.2586,41.7753],[-90.2424,41.783],[-90.242,41.7769],[-90.245,41.7717],[-90.2446,41.7674],[-90.2473,41.7649],[-90.2472,41.7626],[-90.2431,41.7625],[-90.2421,41.7648],[-90.2401,41.765],[-90.2368,41.7626],[-90.2381,41.7611],[-90.2428,41.76],[-90.2467,41.7548],[-90.2479,41.7469],[-90.2467,41.7456],[-90.2441,41.7456],[-90.2432,41.7443],[-90.2444,41.7426],[-90.2443,41.7404],[-90.2421,41.7405],[-90.2394,41.7425],[-90.2365,41.7407],[-90.2347,41.7361],[-90.236,41.7318],[-90.2387,41.7292],[-90.2387,41.7273],[-90.2341,41.725],[-90.2347,41.7205],[-90.2393,41.714],[-90.2382,41.7112],[-90.2406,41.7099],[-90.2398,41.7067],[-90.2422,41.7048],[-90.2452,41.7047],[-90.245,41.7024],[-90.2372,41.6996],[-90.2372,41.6969],[-90.2359,41.6961],[-90.2342,41.6968],[-90.2312,41.6958],[-90.2308,41.6946],[-90.2324,41.6929],[-90.232,41.6919],[-90.2281,41.693],[-90.2268,41.6925],[-90.2274,41.6883],[-90.2262,41.6869],[-90.2269,41.6835],[-90.2292,41.6821],[-90.2306,41.6826],[-90.2325,41.6815],[-90.2349,41.6814],[-90.2362,41.6795],[-90.2297,41.6754],[-90.2185,41.672],[-90.2185,41.6714],[-90.2088,41.6694],[-90.1895,41.6634],[-90.1817,41.6579],[-90.1737,41.655],[-90.1717,41.653],[-90.1703,41.6487],[-90.1648,41.6477],[-90.1619,41.6446],[-90.1638,41.6392],[-90.1739,41.6401],[-90.1733,41.6376],[-90.1625,41.6355],[-90.1599,41.6305],[-90.1604,41.6261],[-90.1621,41.6216],[-90.1607,41.6179],[-90.1625,41.6163],[-90.1617,41.6151],[-90.1661,41.6098],[-90.1648,41.5973],[-90.166,41.5942],[-90.1677,41.5928],[-90.1745,41.5912],[-90.1814,41.591],[-90.1854,41.5889],[-90.1863,41.5863],[-90.1855,41.5846],[-90.1801,41.5787],[-90.1791,41.5735],[-90.1807,41.5669],[-90.1848,41.556],[-90.1925,41.5432],[-90.1953,41.5407],[-90.2167,41.5379],[-90.2214,41.5363],[-90.2234,41.5345],[-90.2242,41.5314],[-90.2258,41.5299],[-90.2315,41.529],[-90.2417,41.5248],[-90.2501,41.5228],[-90.2605,41.5215],[-90.2683,41.5221],[-90.2793,41.5203],[-90.2892,41.5203],[-90.2975,41.5181],[-90.3047,41.5178],[-90.3121,41.5106],[-90.3151,41.5092],[-90.3179,41.5088],[-90.3327,41.514],[-90.3367,41.5135],[-90.3412,41.5114],[-90.3522,41.5088],[-90.3642,41.5028],[-90.3694,41.4967],[-90.3734,41.4838],[-90.3767,41.4787],[-90.3804,41.4767],[-90.3873,41.4764],[-90.396,41.4697],[-90.4042,41.4648],[-90.4211,41.4576],[-90.4319,41.4568],[-90.4337,41.327],[-90.55,41.3271],[-90.7515,41.3289],[-90.8988,41.3322],[-91.0719,41.3336]]]}},{"type":"Feature","properties":{"fips":"17163","name":"St. Clair"},"geometry":{"type":"Polygon","coordinates":[[[-90.2638,38.5206],[-90.2603,38.5284],[-90.2489,38.5448],[-90.2242,38.5751],[-90.2167,38.5788],[-90.2025,38.5887],[-90.1918,38.599],[-90.1845,38.6116],[-90.1788,38.6292],[-90.178,38.6338],[-90.1777,38.6427],[-90.1812,38.6601],[-90.1128,38.6599],[-90.0576,38.6586],[-89.7069,38.655],[-89.7046,38.4803],[-89.7033,38.2194],[-89.899,38.2208],[-89.9045,38.2271],[-89.9037,38.2284],[-89.8979,38.2286],[-89.8968,38.2303],[-89.8975,38.2321],[-89.901,38.2351],[-89.9087,38.2376],[-89.909,38.2386],[-89.9072,38.2403],[-89.9075,38.2431],[-89.9088,38.2451],[-89.9105,38.2458],[-89.9112,38.2482],[-89.9163,38.2507],[-89.9173,38.2518],[-89.9144,38.2532],[-89.9134,38.2549],[-89.9145,38.2588],[-89.9203,38.2642],[-89.9237,38.269],[-89.9209,38.2711],[-89.9209,38.272],[-89.9249,38.2723],[-89.9252,38.2733],[-89.9225,38.2754],[-89.9195,38.2818],[-89.9202,38.2845],[-89.9189,38.2859],[-89.916,38.2853],[-89.9135,38.286],[-89.9113,38.2847],[-89.9112,38.2832],[-89.9121,38.2822],[-89.9177,38.2805],[-89.918,38.2784],[-89.9172,38.2778],[-89.9088,38.2762],[-89.9036,38.2794],[-89.9025,38.2815],[-89.9024,38.2843],[-89.9013,38.2868],[-89.9019,38.2884],[-89.9061,38.292],[-89.9068,38.2936],[-89.9042,38.2966],[-89.9041,38.2978],[-89.9064,38.2991],[-89.9098,38.3027],[-89.9131,38.3081],[-90.0361,38.3089],[-90.0361,38.3235],[-90.1267,38.3969],[-90.1288,38.3973],[-90.1456,38.4121],[-90.1454,38.4267],[-90.2353,38.4976],[-90.2367,38.4988],[-90.2367,38.4998],[-90.2376,38.4998],[-90.2638,38.5206]]]}},{"type":"Feature","properties":{"fips":"17165","name":"Saline"},"geometry":{"type":"Polygon","coordinates":[[[-88.7086,37.6083],[-88.7068,37.743],[-88.7066,37.9068],[-88.5962,37.9073],[-88.596,37.9067],[-88.5343,37.9064],[-88.3745,37.9077],[-88.3736,37.7217],[-88.3755,37.599],[-88.4862,37.5998],[-88.7085,37.5991],[-88.7086,37.6083]]]}},{"type":"Feature","properties":{"fips":"17167","name":"Sangamon"},"geometry":{"type":"Polygon","coordinates":[[[-89.9945,39.9019],[-89.8826,39.9015],[-89.7692,39.9024],[-89.7691,39.9169],[-89.7019,39.9168],[-89.7023,39.9386],[-89.6976,39.9387],[-89.6983,39.9753],[-89.4838,39.9767],[-89.4835,39.9332],[-89.405,39.9327],[-89.405,39.9182],[-89.2178,39.917],[-89.2175,39.8132],[-89.2202,39.8129],[-89.2253,39.815],[-89.2282,39.8132],[-89.2342,39.8131],[-89.2342,39.8151],[-89.2316,39.816],[-89.2343,39.8163],[-89.2347,39.8174],[-89.2362,39.8176],[-89.2355,39.8189],[-89.2371,39.8199],[-89.2362,39.8218],[-89.2383,39.8211],[-89.2403,39.8218],[-89.2401,39.8231],[-89.2428,39.8232],[-89.2462,39.8259],[-89.2485,39.8257],[-89.2519,39.8226],[-89.254,39.8167],[-89.2567,39.8131],[-89.2572,39.8098],[-89.26,39.808],[-89.2598,39.8068],[-89.2625,39.8044],[-89.2646,39.8043],[-89.2654,39.8064],[-89.2714,39.8029],[-89.2721,39.8011],[-89.2764,39.7991],[-89.2785,39.8001],[-89.2795,39.7989],[-89.2812,39.799],[-89.2818,39.7966],[-89.2837,39.7958],[-89.2827,39.7946],[-89.2834,39.7939],[-89.2854,39.7939],[-89.2893,39.792],[-89.2921,39.7928],[-89.2926,39.7923],[-89.2916,39.7901],[-89.297,39.7895],[-89.2997,39.7845],[-89.2983,39.7833],[-89.2996,39.7828],[-89.3014,39.7798],[-89.3004,39.7784],[-89.3031,39.7758],[-89.3078,39.7744],[-89.3126,39.7713],[-89.3145,39.7712],[-89.3155,39.7719],[-89.3178,39.7708],[-89.3223,39.7719],[-89.3279,39.7697],[-89.3292,39.7688],[-89.3286,39.7676],[-89.3252,39.7673],[-89.3253,39.7662],[-89.3273,39.7662],[-89.3271,39.7645],[-89.3292,39.7636],[-89.3416,39.7669],[-89.3455,39.7673],[-89.35,39.7696],[-89.3527,39.7696],[-89.3541,39.7721],[-89.3559,39.7706],[-89.3581,39.7706],[-89.36,39.7675],[-89.3589,39.7618],[-89.3604,39.7606],[-89.3629,39.7556],[-89.3652,39.7572],[-89.3685,39.7569],[-89.3713,39.7551],[-89.3725,39.7581],[-89.3737,39.7587],[-89.3788,39.7555],[-89.3798,39.7538],[-89.3842,39.754],[-89.3863,39.7518],[-89.3859,39.75],[-89.3938,39.7432],[-89.3971,39.7422],[-89.4076,39.7431],[-89.4102,39.744],[-89.4192,39.7514],[-89.4196,39.753],[-89.4186,39.7543],[-89.4197,39.7551],[-89.4189,39.7569],[-89.4173,39.7575],[-89.4178,39.7592],[-89.4202,39.7614],[-89.4252,39.762],[-89.4251,39.6837],[-89.4789,39.684],[-89.4785,39.6408],[-89.535,39.6411],[-89.5335,39.5246],[-89.926,39.5221],[-89.924,39.5587],[-89.9847,39.7181],[-89.9856,39.7854],[-89.9935,39.7854],[-89.9945,39.9019]]]}},{"type":"Feature","properties":{"fips":"17169","name":"Schuyler"},"geometry":{"type":"Polygon","coordinates":[[[-90.9135,40.1045],[-90.9098,40.2844],[-90.6779,40.2786],[-90.5639,40.2783],[-90.4502,40.2763],[-90.4519,40.1888],[-90.3375,40.1877],[-90.1996,40.1838],[-90.2015,40.1806],[-90.2027,40.1739],[-90.2021,40.1651],[-90.2027,40.1607],[-90.2061,40.1558],[-90.2134,40.1513],[-90.2161,40.1505],[-90.2258,40.1501],[-90.2351,40.1506],[-90.2453,40.1531],[-90.2573,40.1548],[-90.2681,40.1546],[-90.2807,40.1492],[-90.2938,40.1461],[-90.3076,40.14],[-90.3158,40.1392],[-90.323,40.1397],[-90.3352,40.1372],[-90.3382,40.1356],[-90.3488,40.1256],[-90.3545,40.1242],[-90.3601,40.1252],[-90.3648,40.125],[-90.3728,40.1224],[-90.3789,40.115],[-90.3856,40.101],[-90.3934,40.0919],[-90.3936,40.0896],[-90.3913,40.0841],[-90.3934,40.0788],[-90.3984,40.075],[-90.4248,40.0633],[-90.4286,40.0603],[-90.4297,40.0561],[-90.4288,40.0505],[-90.429,40.042],[-90.4322,40.0323],[-90.4335,40.0244],[-90.435,40.0215],[-90.4373,40.0196],[-90.4535,40.011],[-90.4748,40.0046],[-90.4843,40.0034],[-90.5043,39.997],[-90.5109,39.9938],[-90.5134,39.9909],[-90.5137,39.9879],[-90.5152,39.987],[-90.5157,39.9844],[-90.5201,39.9859],[-90.5199,39.9877],[-90.5207,39.9883],[-90.5268,39.9876],[-90.5275,39.987],[-90.5245,39.9852],[-90.5239,39.9833],[-90.5269,39.9821],[-90.5287,39.9831],[-90.5296,39.9851],[-90.5341,39.9825],[-90.5367,39.984],[-90.5393,39.9837],[-90.5415,39.9807],[-90.5436,39.9804],[-90.5503,39.9834],[-90.5608,39.9826],[-90.5675,39.9838],[-90.5789,39.9813],[-90.5855,39.9788],[-90.5959,39.98],[-90.598,39.9811],[-90.6071,39.9817],[-90.6078,39.9829],[-90.6058,39.9873],[-90.606,39.9912],[-90.6031,39.9966],[-90.6019,40.0033],[-90.6033,40.0049],[-90.6082,40.0069],[-90.6097,40.0088],[-90.6163,40.0128],[-90.6176,40.0122],[-90.619,40.0153],[-90.6169,40.0205],[-90.6134,40.0199],[-90.6113,40.0176],[-90.6073,40.0208],[-90.6057,40.0251],[-90.6073,40.0295],[-90.61,40.0323],[-90.6117,40.0329],[-90.6161,40.0273],[-90.6261,40.0257],[-90.6304,40.0237],[-90.6335,40.029],[-90.6456,40.0303],[-90.6534,40.0331],[-90.6543,40.035],[-90.6521,40.0392],[-90.6532,40.0406],[-90.6594,40.0412],[-90.6597,40.0452],[-90.6615,40.0466],[-90.6651,40.0469],[-90.668,40.0461],[-90.6687,40.044],[-90.6701,40.0438],[-90.6751,40.046],[-90.678,40.0528],[-90.6756,40.0567],[-90.6776,40.0599],[-90.6749,40.0618],[-90.675,40.0636],[-90.6767,40.065],[-90.6764,40.0673],[-90.6715,40.0774],[-90.672,40.0801],[-90.6728,40.0808],[-90.6861,40.0788],[-90.6945,40.0794],[-90.6997,40.0811],[-90.7058,40.0849],[-90.7044,40.0867],[-90.7052,40.0885],[-90.7079,40.0892],[-90.7092,40.0904],[-90.7093,40.092],[-90.7081,40.0933],[-90.7056,40.0928],[-90.6999,40.0944],[-90.6995,40.0975],[-90.6962,40.1012],[-90.6972,40.1028],[-90.696,40.104],[-90.7962,40.1059],[-90.9135,40.1045]]]}},{"type":"Feature","properties":{"fips":"17171","name":"Scott"},"geometry":{"type":"Polygon","coordinates":[[[-90.646,39.7028],[-90.641,39.7174],[-90.6284,39.7295],[-90.6076,39.7639],[-90.6062,39.7684],[-90.6074,39.7729],[-90.6069,39.7764],[-90.5991,39.7901],[-90.4831,39.7892],[-90.4833,39.7534],[-90.3713,39.7531],[-90.373,39.6658],[-90.3378,39.6656],[-90.3381,39.6366],[-90.3007,39.6365],[-90.3018,39.5203],[-90.5811,39.5217],[-90.5819,39.5242],[-90.5809,39.5274],[-90.5744,39.5352],[-90.5723,39.5392],[-90.5724,39.543],[-90.5744,39.5462],[-90.5766,39.5595],[-90.5807,39.5671],[-90.5829,39.5746],[-90.5921,39.5967],[-90.5981,39.6048],[-90.605,39.6201],[-90.6074,39.6287],[-90.6074,39.6355],[-90.6089,39.6403],[-90.6295,39.6701],[-90.6335,39.673],[-90.6445,39.6931],[-90.6461,39.6983],[-90.646,39.7028]]]}},{"type":"Feature","properties":{"fips":"17173","name":"Shelby"},"geometry":{"type":"Polygon","coordinates":[[[-89.1398,39.3363],[-89.1398,39.3489],[-89.0254,39.3459],[-89.0249,39.4352],[-89.0264,39.4352],[-89.024,39.5231],[-89.0257,39.6542],[-88.9211,39.6527],[-88.8106,39.6532],[-88.8091,39.5802],[-88.7175,39.5793],[-88.7169,39.5212],[-88.6415,39.521],[-88.6412,39.5067],[-88.6224,39.5065],[-88.6222,39.4919],[-88.6032,39.4916],[-88.6032,39.477],[-88.5845,39.477],[-88.5843,39.4476],[-88.4705,39.447],[-88.4712,39.3453],[-88.4709,39.215],[-88.8368,39.2165],[-89.0268,39.2155],[-89.1394,39.2172],[-89.1398,39.3363]]]}},{"type":"Feature","properties":{"fips":"17175","name":"Stark"},"geometry":{"type":"Polygon","coordinates":[[[-89.9854,40.9898],[-89.9846,41.1494],[-89.8682,41.1495],[-89.8678,41.2344],[-89.6387,41.2339],[-89.6387,40.9737],[-89.8694,40.975],[-89.9855,40.9745],[-89.9854,40.9898]]]}},{"type":"Feature","properties":{"fips":"17177","name":"Stephenson"},"geometry":{"type":"Polygon","coordinates":[[[-89.9265,42.5058],[-89.6901,42.5052],[-89.5225,42.5019],[-89.4014,42.5004],[-89.398,42.3752],[-89.3978,42.3072],[-89.3962,42.2019],[-89.4545,42.201],[-89.6298,42.2005],[-89.7467,42.198],[-89.8606,42.198],[-89.8608,42.1967],[-89.9198,42.1969],[-89.921,42.2839],[-89.9205,42.2839],[-89.9236,42.3567],[-89.9265,42.5058]]]}},{"type":"Feature","properties":{"fips":"17179","name":"Tazewell"},"geometry":{"type":"Polygon","coordinates":[[[-89.9184,40.4379],[-89.9143,40.4403],[-89.9064,40.4478],[-89.9042,40.4577],[-89.8988,40.4651],[-89.8879,40.4747],[-89.8876,40.4807],[-89.8844,40.5],[-89.8822,40.5054],[-89.8751,40.5117],[-89.8541,40.5229],[-89.8337,40.5303],[-89.8228,40.5364],[-89.8136,40.5406],[-89.7842,40.5493],[-89.7754,40.5527],[-89.7678,40.553],[-89.7459,40.5505],[-89.7414,40.5509],[-89.7071,40.5576],[-89.7023,40.5609],[-89.6971,40.562],[-89.6918,40.5604],[-89.6888,40.5584],[-89.6852,40.5535],[-89.6811,40.5523],[-89.6751,40.5542],[-89.6679,40.5593],[-89.6576,40.5684],[-89.6543,40.5742],[-89.6539,40.5785],[-89.6588,40.5892],[-89.6597,40.5929],[-89.66,40.5977],[-89.658,40.6026],[-89.643,40.6173],[-89.6287,40.6287],[-89.6247,40.6336],[-89.6171,40.64],[-89.6124,40.6465],[-89.6111,40.649],[-89.611,40.6523],[-89.6165,40.6583],[-89.6164,40.6608],[-89.6138,40.6651],[-89.6035,40.6749],[-89.5919,40.6845],[-89.5819,40.6893],[-89.5759,40.6934],[-89.5672,40.6963],[-89.5582,40.6981],[-89.5536,40.7023],[-89.5493,40.7128],[-89.5464,40.723],[-89.5496,40.73],[-89.5495,40.7357],[-89.5534,40.7476],[-89.3301,40.7483],[-89.3296,40.6608],[-89.3287,40.6608],[-89.3273,40.6156],[-89.2698,40.6161],[-89.2665,40.4856],[-89.2637,40.3253],[-89.3774,40.3241],[-89.5449,40.3208],[-89.7149,40.3192],[-89.7171,40.4357],[-89.8285,40.4344],[-89.8662,40.4357],[-89.9247,40.4359],[-89.9184,40.4379]]]}},{"type":"Feature","properties":{"fips":"17181","name":"Union"},"geometry":{"type":"Polygon","coordinates":[[[-89.5217,37.5662],[-89.5215,37.5722],[-89.5189,37.5724],[-89.5115,37.5781],[-89.5095,37.5789],[-89.5009,37.5772],[-89.5007,37.5755],[-89.5032,37.5724],[-89.5021,37.5706],[-89.4934,37.5697],[-89.487,37.5671],[-89.4833,37.5675],[-89.4805,37.5661],[-89.4785,37.564],[-89.4742,37.5621],[-89.4705,37.5622],[-89.4651,37.5644],[-89.4625,37.5666],[-89.4583,37.5741],[-89.4538,37.5781],[-89.4531,37.5801],[-89.4548,37.5864],[-89.4541,37.5881],[-89.4494,37.5915],[-89.448,37.5983],[-89.4532,37.6],[-89.2197,37.5986],[-89.2102,37.5993],[-89.149,37.6003],[-89.0414,37.5966],[-89.044,37.4786],[-89.0448,37.3297],[-89.0994,37.3336],[-89.2217,37.3352],[-89.2703,37.3356],[-89.3075,37.3344],[-89.3262,37.3352],[-89.3611,37.3344],[-89.4865,37.3345],[-89.4746,37.3382],[-89.4547,37.3393],[-89.4476,37.3405],[-89.436,37.3444],[-89.4328,37.3471],[-89.4297,37.352],[-89.4282,37.3562],[-89.422,37.3805],[-89.4211,37.3877],[-89.4213,37.3921],[-89.4259,37.4075],[-89.4341,37.4268],[-89.4398,37.4372],[-89.451,37.4501],[-89.4712,37.4665],[-89.4755,37.4714],[-89.4921,37.494],[-89.4977,37.5049],[-89.5002,37.513],[-89.5029,37.5179],[-89.5164,37.5356],[-89.5211,37.5538],[-89.5217,37.5662]]]}},{"type":"Feature","properties":{"fips":"17183","name":"Vermilion"},"geometry":{"type":"Polygon","coordinates":[[[-87.9421,40.2255],[-87.9288,40.2256],[-87.93,40.3134],[-87.9324,40.3994],[-87.9317,40.3994],[-87.9353,40.4859],[-87.7635,40.4882],[-87.6528,40.4882],[-87.5264,40.4912],[-87.5315,40.148],[-87.5332,39.883],[-87.5817,39.8823],[-87.5575,39.8688],[-87.6174,39.8686],[-87.6152,39.8816],[-87.9376,39.8798],[-87.9392,40.0545],[-87.9421,40.2255]]]}},{"type":"Feature","properties":{"fips":"17185","name":"Wabash"},"geometry":{"type":"Polygon","coordinates":[[[-87.9909,38.265],[-87.9913,38.2702],[-87.9897,38.2685],[-87.9889,38.2691],[-87.9902,38.2706],[-87.9888,38.2736],[-87.9845,38.2743],[-87.9807,38.2722],[-87.9812,38.2711],[-87.9792,38.2709],[-87.979,38.2738],[-87.978,38.2741],[-87.9767,38.2732],[-87.9733,38.2739],[-87.973,38.2748],[-87.9777,38.2765],[-87.978,38.2773],[-87.9754,38.2779],[-87.9766,38.2788],[-87.9766,38.2807],[-87.9779,38.282],[-87.975,38.2819],[-87.974,38.2846],[-87.9722,38.2841],[-87.9704,38.2851],[-87.9695,38.2837],[-87.9667,38.2844],[-87.9665,38.2864],[-87.9612,38.2888],[-87.9616,38.2904],[-87.9607,38.2912],[-87.9583,38.2904],[-87.9562,38.2919],[-87.9544,38.2906],[-87.9511,38.2909],[-87.952,38.2929],[-87.9538,38.2944],[-87.954,38.2967],[-87.9571,38.2999],[-87.955,38.3006],[-87.9529,38.3026],[-87.9565,38.3047],[-87.9569,38.3064],[-87.9544,38.3084],[-87.9495,38.307],[-87.9466,38.3087],[-87.9462,38.3107],[-87.9485,38.3125],[-87.947,38.3132],[-87.9463,38.3154],[-87.9483,38.3162],[-87.9489,38.3172],[-87.9475,38.3169],[-87.9472,38.3186],[-87.9547,38.3171],[-87.9562,38.3173],[-87.958,38.3196],[-87.9557,38.3263],[-87.9571,38.3325],[-87.9539,38.337],[-87.9544,38.3397],[-87.9573,38.3432],[-87.9579,38.348],[-87.9618,38.3506],[-87.9658,38.3521],[-87.9673,38.3536],[-87.9681,38.3589],[-87.97,38.3624],[-87.9735,38.3659],[-87.9734,38.3703],[-87.9759,38.3734],[-87.9772,38.3778],[-87.9768,38.3843],[-87.9731,38.3894],[-87.9685,38.3894],[-87.965,38.3911],[-87.9656,38.3951],[-87.9666,38.3955],[-87.9705,38.3946],[-87.9722,38.3951],[-87.9761,38.3999],[-87.9757,38.4011],[-87.9704,38.4022],[-87.9698,38.4044],[-87.9709,38.4059],[-87.9702,38.4106],[-87.9666,38.4107],[-87.961,38.4172],[-87.9604,38.4193],[-87.9576,38.4207],[-87.955,38.4198],[-87.9546,38.4181],[-87.9522,38.4181],[-87.9506,38.4226],[-87.9515,38.4239],[-87.9539,38.4235],[-87.9556,38.4248],[-87.9542,38.4265],[-87.9527,38.4255],[-87.951,38.4259],[-87.9475,38.4294],[-87.9525,38.4305],[-87.9526,38.4323],[-87.9502,38.4371],[-87.9488,38.4373],[-87.9475,38.4386],[-87.9493,38.4416],[-87.9481,38.4422],[-87.9471,38.4411],[-87.9453,38.442],[-87.9451,38.4447],[-87.9486,38.4442],[-87.9485,38.4459],[-87.9446,38.4458],[-87.9438,38.447],[-87.9456,38.4471],[-87.9468,38.4487],[-87.9463,38.4494],[-87.9446,38.4487],[-87.9429,38.4496],[-87.944,38.4504],[-87.9446,38.4525],[-87.9485,38.4533],[-87.9431,38.4566],[-87.9453,38.4564],[-87.9474,38.4582],[-87.9423,38.4606],[-87.9418,38.4622],[-87.9442,38.4617],[-87.944,38.4628],[-87.9454,38.4641],[-87.9482,38.4635],[-87.9483,38.4646],[-87.946,38.4656],[-87.9441,38.4677],[-87.9477,38.4687],[-87.9471,38.4698],[-87.9448,38.4708],[-87.945,38.4726],[-87.9483,38.4711],[-87.948,38.4787],[-87.9529,38.4797],[-87.9516,38.4808],[-87.9536,38.4827],[-87.9529,38.4843],[-87.949,38.4857],[-87.9495,38.4865],[-87.9509,38.4854],[-87.9523,38.4856],[-87.9508,38.4874],[-87.9512,38.4889],[-87.9531,38.4881],[-87.9561,38.4902],[-87.9558,38.4916],[-87.9533,38.4927],[-87.956,38.4943],[-87.9568,38.4971],[-87.9545,38.498],[-87.9559,38.4994],[-87.9553,38.5004],[-87.9532,38.5004],[-87.9543,38.5019],[-87.9541,38.5036],[-87.9513,38.5037],[-87.951,38.5044],[-87.9485,38.5045],[-87.9483,38.5051],[-87.9488,38.5083],[-87.9491,38.5068],[-87.9522,38.5069],[-87.9531,38.5109],[-87.9501,38.5122],[-87.9482,38.5141],[-87.9498,38.5151],[-87.9513,38.5144],[-87.9519,38.5152],[-87.954,38.5143],[-87.955,38.515],[-87.9536,38.5159],[-87.9545,38.5163],[-87.9531,38.5179],[-87.9534,38.519],[-87.9517,38.5206],[-87.9496,38.5202],[-87.9497,38.522],[-87.947,38.5217],[-87.9418,38.5282],[-87.9385,38.5274],[-87.9372,38.5281],[-87.939,38.5316],[-87.9385,38.5329],[-87.9416,38.5335],[-87.9412,38.5344],[-87.9393,38.5351],[-87.9395,38.5363],[-87.9411,38.5355],[-87.9424,38.5364],[-87.9415,38.5385],[-87.9451,38.5395],[-87.9437,38.5396],[-87.9437,38.541],[-87.9458,38.5415],[-87.947,38.5406],[-87.9519,38.5422],[-87.9529,38.5433],[-87.9504,38.5472],[-87.9521,38.5476],[-87.9516,38.5492],[-87.9528,38.5504],[-87.9529,38.5523],[-87.9546,38.5533],[-87.9524,38.5548],[-87.9538,38.5552],[-87.9546,38.5568],[-87.9536,38.5582],[-87.9574,38.5597],[-87.957,38.5604],[-87.9587,38.561],[-87.9586,38.5632],[-87.9571,38.5639],[-87.9584,38.5649],[-87.9584,38.5665],[-87.9544,38.5684],[-87.9559,38.5696],[-87.9547,38.5702],[-87.8553,38.57],[-87.7413,38.5685],[-87.6515,38.5682],[-87.6527,38.5645],[-87.6502,38.5584],[-87.6507,38.5562],[-87.6654,38.5499],[-87.6684,38.5477],[-87.6701,38.5452],[-87.6692,38.5417],[-87.661,38.5321],[-87.6595,38.5267],[-87.6553,38.5208],[-87.6462,38.5151],[-87.6453,38.5102],[-87.6501,38.5046],[-87.6567,38.5018],[-87.6637,38.5029],[-87.6698,38.5072],[-87.6724,38.5074],[-87.6784,38.4984],[-87.6859,38.4918],[-87.714,38.4799],[-87.7346,38.4801],[-87.7446,38.4773],[-87.7554,38.464],[-87.7567,38.4603],[-87.7559,38.4559],[-87.7508,38.4542],[-87.7405,38.4547],[-87.732,38.4508],[-87.7304,38.4479],[-87.7307,38.4429],[-87.7398,38.438],[-87.7428,38.4273],[-87.7438,38.4131],[-87.7453,38.409],[-87.7697,38.3807],[-87.7831,38.3689],[-87.8061,38.3631],[-87.8138,38.3538],[-87.8234,38.346],[-87.8277,38.334],[-87.832,38.327],[-87.8334,38.3166],[-87.8308,38.3056],[-87.831,38.2994],[-87.8339,38.2906],[-87.839,38.2823],[-87.8434,38.2782],[-87.8511,38.2751],[-87.8597,38.2767],[-87.863,38.2802],[-87.8662,38.29],[-87.8648,38.2954],[-87.8605,38.3031],[-87.8611,38.3078],[-87.8643,38.3107],[-87.8705,38.3122],[-87.8757,38.3099],[-87.8801,38.3054],[-87.8878,38.2853],[-87.8978,38.2795],[-87.9068,38.2696],[-87.9111,38.268],[-87.9176,38.2701],[-87.9195,38.2745],[-87.9171,38.2801],[-87.908,38.2923],[-87.9095,38.2961],[-87.9165,38.2994],[-87.9228,38.2992],[-87.9336,38.2959],[-87.9375,38.292],[-87.9392,38.2829],[-87.9423,38.2794],[-87.9503,38.2768],[-87.9522,38.2731],[-87.9507,38.2668],[-87.9466,38.2627],[-87.9421,38.2603],[-87.943,38.2578],[-87.9461,38.2553],[-87.954,38.253],[-87.9576,38.25],[-87.9589,38.2467],[-87.958,38.2401],[-87.9602,38.2371],[-87.9643,38.2363],[-87.969,38.2374],[-87.9706,38.2407],[-87.9699,38.2434],[-87.9723,38.247],[-87.9819,38.2564],[-87.9847,38.258],[-87.9877,38.2569],[-87.9904,38.258],[-87.992,38.2617],[-87.9909,38.265]]]}},{"type":"Feature","properties":{"fips":"17187","name":"Warren"},"geometry":{"type":"Polygon","coordinates":[[[-90.7896,40.6374],[-90.7896,40.6979],[-90.7894,40.7192],[-90.7888,40.7192],[-90.7852,41.0687],[-90.6677,41.0676],[-90.5505,41.0641],[-90.4394,41.064],[-90.4456,40.6276],[-90.56,40.6304],[-90.6732,40.6315],[-90.7897,40.6358],[-90.7896,40.6374]]]}},{"type":"Feature","properties":{"fips":"17189","name":"Washington"},"geometry":{"type":"Polygon","coordinates":[[[-89.7042,38.4158],[-89.7025,38.4165],[-89.7005,38.4158],[-89.6948,38.4167],[-89.6939,38.4185],[-89.6921,38.4198],[-89.6947,38.421],[-89.6967,38.4241],[-89.6964,38.4253],[-89.6923,38.4266],[-89.6903,38.4261],[-89.6877,38.4274],[-89.6878,38.429],[-89.6866,38.4301],[-89.6836,38.4291],[-89.6838,38.4277],[-89.6861,38.4268],[-89.6853,38.4252],[-89.6816,38.4257],[-89.6776,38.4248],[-89.6783,38.4271],[-89.6771,38.4298],[-89.6782,38.4319],[-89.6757,38.432],[-89.6733,38.4294],[-89.672,38.429],[-89.6717,38.4299],[-89.674,38.433],[-89.6739,38.4348],[-89.6713,38.4342],[-89.6697,38.4325],[-89.6673,38.4322],[-89.665,38.4344],[-89.6658,38.4351],[-89.6682,38.4349],[-89.6687,38.4356],[-89.6678,38.4381],[-89.6684,38.4404],[-89.6677,38.4404],[-89.6678,38.4428],[-89.664,38.4454],[-89.6596,38.4447],[-89.655,38.4428],[-89.6476,38.4424],[-89.6459,38.4415],[-89.6444,38.4418],[-89.6432,38.4433],[-89.6437,38.4446],[-89.647,38.4461],[-89.647,38.4473],[-89.6445,38.4481],[-89.6404,38.4453],[-89.6389,38.4452],[-89.6368,38.4463],[-89.6388,38.4496],[-89.6378,38.4503],[-89.6365,38.4481],[-89.6338,38.4472],[-89.6328,38.4479],[-89.6348,38.4496],[-89.6348,38.4516],[-89.6322,38.4522],[-89.6304,38.4498],[-89.6277,38.4507],[-89.6267,38.4537],[-89.6269,38.4576],[-89.6292,38.4627],[-89.6282,38.4642],[-89.6257,38.4642],[-89.6252,38.4625],[-89.6261,38.4614],[-89.6258,38.4604],[-89.6232,38.4608],[-89.6206,38.4625],[-89.6201,38.4638],[-89.621,38.4663],[-89.6167,38.4669],[-89.6155,38.4718],[-89.6127,38.4735],[-89.6071,38.475],[-89.6029,38.4742],[-89.5999,38.4761],[-89.5949,38.4748],[-89.5916,38.4766],[-89.5894,38.4756],[-89.5863,38.4776],[-89.5793,38.4802],[-89.5777,38.4835],[-89.5756,38.4812],[-89.5754,38.4782],[-89.5728,38.4783],[-89.5742,38.4806],[-89.5724,38.4828],[-89.5683,38.481],[-89.5668,38.4829],[-89.5648,38.4828],[-89.5647,38.4813],[-89.5677,38.4789],[-89.5687,38.4764],[-89.5681,38.4757],[-89.5644,38.4768],[-89.5625,38.4762],[-89.5613,38.4773],[-89.5594,38.477],[-89.5596,38.4753],[-89.5583,38.4747],[-89.5569,38.4757],[-89.5582,38.4775],[-89.5529,38.4781],[-89.5508,38.4775],[-89.5524,38.4757],[-89.5516,38.4752],[-89.5505,38.4772],[-89.5467,38.4744],[-89.5434,38.475],[-89.54,38.4742],[-89.5393,38.4755],[-89.5417,38.4774],[-89.5415,38.4795],[-89.5386,38.481],[-89.5337,38.4807],[-89.5321,38.4788],[-89.531,38.4787],[-89.5286,38.4811],[-89.5277,38.4804],[-89.5286,38.4776],[-89.5275,38.4773],[-89.5261,38.4791],[-89.5246,38.4795],[-89.5198,38.4745],[-89.5139,38.4725],[-89.511,38.4726],[-89.5085,38.4746],[-89.5073,38.4746],[-89.5053,38.4735],[-89.5012,38.4744],[-89.4901,38.4717],[-89.4933,38.4751],[-89.4915,38.4774],[-89.4894,38.477],[-89.4898,38.4752],[-89.489,38.4743],[-89.4837,38.4731],[-89.4835,38.4701],[-89.4819,38.4686],[-89.4786,38.4713],[-89.4697,38.4731],[-89.4691,38.4753],[-89.4676,38.4763],[-89.4606,38.4773],[-89.4551,38.4798],[-89.4558,38.4825],[-89.4475,38.4896],[-89.4452,38.4901],[-89.4381,38.4895],[-89.434,38.4909],[-89.4346,38.494],[-89.4306,38.4978],[-89.4278,38.4992],[-89.4262,38.4964],[-89.4172,38.4941],[-89.4122,38.4883],[-89.4101,38.4874],[-89.4081,38.489],[-89.4073,38.4932],[-89.4059,38.4956],[-89.402,38.4948],[-89.4012,38.4937],[-89.402,38.4899],[-89.4011,38.4891],[-89.398,38.4902],[-89.3959,38.4899],[-89.396,38.4911],[-89.3986,38.492],[-89.3985,38.4943],[-89.3978,38.4949],[-89.396,38.4938],[-89.3939,38.4951],[-89.3889,38.4941],[-89.3896,38.4948],[-89.3882,38.497],[-89.387,38.4969],[-89.3856,38.4943],[-89.3837,38.495],[-89.384,38.4959],[-89.3823,38.4974],[-89.3794,38.4972],[-89.3807,38.4949],[-89.3799,38.4944],[-89.3782,38.4969],[-89.3757,38.4979],[-89.3755,38.4992],[-89.3731,38.5004],[-89.3721,38.5001],[-89.3734,38.4969],[-89.3718,38.4969],[-89.371,38.499],[-89.3697,38.4998],[-89.3693,38.4987],[-89.3674,38.4979],[-89.3669,38.4985],[-89.3689,38.5002],[-89.3649,38.501],[-89.366,38.5034],[-89.3682,38.5029],[-89.3679,38.5055],[-89.3666,38.5048],[-89.366,38.5057],[-89.3611,38.506],[-89.3615,38.5078],[-89.3628,38.508],[-89.3636,38.5072],[-89.3663,38.5078],[-89.364,38.5086],[-89.3637,38.5105],[-89.3608,38.5087],[-89.3592,38.5088],[-89.359,38.511],[-89.3602,38.511],[-89.3612,38.5145],[-89.3602,38.5168],[-89.3596,38.5156],[-89.3576,38.5148],[-89.3573,38.5156],[-89.3587,38.5164],[-89.3589,38.5176],[-89.3561,38.5179],[-89.3563,38.517],[-89.3544,38.5165],[-89.3549,38.5179],[-89.3532,38.5187],[-89.3513,38.5188],[-89.3499,38.5178],[-89.3508,38.5168],[-89.3474,38.5164],[-89.3471,38.515],[-89.3449,38.5143],[-89.3452,38.5134],[-89.3471,38.5133],[-89.3466,38.5105],[-89.3453,38.51],[-89.3463,38.5123],[-89.3455,38.5129],[-89.3439,38.5107],[-89.3424,38.5105],[-89.3423,38.5118],[-89.3395,38.5134],[-89.3372,38.5128],[-89.3384,38.5117],[-89.3358,38.511],[-89.3352,38.5121],[-89.3308,38.5122],[-89.3326,38.5101],[-89.3309,38.5111],[-89.3295,38.5102],[-89.3284,38.5106],[-89.3289,38.5116],[-89.3277,38.5117],[-89.3268,38.5135],[-89.3252,38.5132],[-89.3265,38.5119],[-89.3252,38.5114],[-89.3249,38.5124],[-89.323,38.513],[-89.3231,38.5105],[-89.3219,38.5113],[-89.3202,38.5096],[-89.319,38.5102],[-89.3173,38.5086],[-89.316,38.5089],[-89.3151,38.5119],[-89.313,38.5112],[-89.3108,38.5124],[-89.3101,38.5089],[-89.3093,38.5092],[-89.3096,38.5108],[-89.3089,38.511],[-89.3087,38.5088],[-89.3074,38.5086],[-89.3077,38.5103],[-89.3055,38.5097],[-89.304,38.5105],[-89.3033,38.5094],[-89.3,38.5109],[-89.3017,38.5083],[-89.2979,38.5091],[-89.2997,38.5079],[-89.2985,38.5056],[-89.2966,38.5069],[-89.2964,38.5057],[-89.2952,38.5065],[-89.2947,38.505],[-89.2931,38.5054],[-89.2951,38.5072],[-89.2919,38.508],[-89.2922,38.506],[-89.2891,38.5054],[-89.2891,38.507],[-89.2901,38.5083],[-89.2877,38.5093],[-89.2863,38.5084],[-89.2847,38.5095],[-89.284,38.5083],[-89.2847,38.507],[-89.2841,38.5062],[-89.2805,38.5081],[-89.2806,38.5056],[-89.2795,38.5056],[-89.2783,38.5078],[-89.2767,38.5074],[-89.2779,38.5052],[-89.2745,38.505],[-89.2741,38.5066],[-89.2729,38.5072],[-89.2731,38.5045],[-89.2721,38.5044],[-89.2716,38.5062],[-89.27,38.5049],[-89.269,38.5053],[-89.2706,38.5061],[-89.2699,38.5069],[-89.2658,38.5074],[-89.2657,38.509],[-89.264,38.5105],[-89.2603,38.5073],[-89.2588,38.5091],[-89.2565,38.5083],[-89.2549,38.5093],[-89.2549,38.5086],[-89.2181,38.5065],[-89.1439,38.5031],[-89.1476,38.2129],[-89.2424,38.2143],[-89.3333,38.2137],[-89.417,38.2148],[-89.5928,38.2193],[-89.7033,38.2194],[-89.7042,38.4158]]]}},{"type":"Feature","properties":{"fips":"17191","name":"Wayne"},"geometry":{"type":"Polygon","coordinates":[[[-88.7022,38.2719],[-88.7001,38.3427],[-88.6985,38.6061],[-88.5845,38.6073],[-88.4198,38.6029],[-88.3642,38.6025],[-88.2575,38.5991],[-88.2409,38.5995],[-88.2224,38.5986],[-88.1482,38.598],[-88.148,38.4823],[-88.1486,38.4676],[-88.1479,38.467],[-88.1478,38.4617],[-88.1492,38.3356],[-88.1509,38.2561],[-88.2611,38.257],[-88.3704,38.2553],[-88.702,38.2566],[-88.7022,38.2719]]]}},{"type":"Feature","properties":{"fips":"17193","name":"White"},"geometry":{"type":"Polygon","coordinates":[[[-88.374,38.0387],[-88.3704,38.2553],[-88.237,38.2571],[-88.0277,38.2557],[-88.0277,38.2599],[-87.9906,38.2596],[-87.9904,38.258],[-87.9877,38.2569],[-87.988,38.2555],[-87.9824,38.2487],[-87.9796,38.2405],[-87.9805,38.2354],[-87.9849,38.2285],[-87.9856,38.218],[-87.984,38.2091],[-87.9758,38.1978],[-87.9699,38.1918],[-87.9589,38.184],[-87.9405,38.1749],[-87.9364,38.1714],[-87.9338,38.1644],[-87.9353,38.1587],[-87.9343,38.1565],[-87.9312,38.1563],[-87.9264,38.1588],[-87.9245,38.162],[-87.9259,38.1665],[-87.9253,38.1703],[-87.9229,38.1733],[-87.9191,38.174],[-87.9157,38.1733],[-87.9126,38.1708],[-87.9106,38.1666],[-87.9114,38.1617],[-87.9152,38.1578],[-87.9237,38.1531],[-87.9259,38.1529],[-87.9283,38.1509],[-87.9255,38.1463],[-87.9266,38.1425],[-87.9294,38.1407],[-87.9351,38.1394],[-87.9404,38.1337],[-87.9455,38.1266],[-87.9475,38.1272],[-87.9507,38.1302],[-87.9559,38.1329],[-87.9605,38.1321],[-87.9658,38.1326],[-87.9695,38.1307],[-87.9743,38.122],[-87.9738,38.1144],[-87.9753,38.1101],[-87.9831,38.1071],[-87.9983,38.1085],[-88.0131,38.1035],[-88.0167,38.0973],[-88.0146,38.0904],[-88.0114,38.0847],[-88.0047,38.084],[-87.968,38.0963],[-87.9622,38.1001],[-87.9605,38.0991],[-87.9567,38.0862],[-87.9672,38.0671],[-87.9787,38.0598],[-88.0013,38.0515],[-88.0326,38.0517],[-88.0378,38.0502],[-88.0421,38.0463],[-88.0421,38.039],[-88.0402,38.0356],[-88.0341,38.032],[-88.0277,38.0317],[-88.0176,38.0347],[-88.0121,38.0338],[-88.0089,38.0319],[-88.0076,38.0291],[-88.0086,38.0275],[-88.0169,38.024],[-88.0224,38.0171],[-88.0251,38.0111],[-88.0258,38.0072],[-88.0229,37.998],[-88.0126,37.9771],[-88.0129,37.9665],[-88.0163,37.9616],[-88.0209,37.9594],[-88.032,37.9586],[-88.0368,37.9568],[-88.0361,37.9427],[-88.0304,37.9301],[-88.0353,37.9255],[-88.0413,37.9243],[-88.0487,37.9268],[-88.0528,37.9305],[-88.0548,37.9335],[-88.0598,37.9339],[-88.0676,37.9302],[-88.0696,37.9268],[-88.0682,37.9227],[-88.063,37.9182],[-88.0519,37.9159],[-88.0364,37.9149],[-88.0318,37.9138],[-88.0225,37.9148],[-88.0201,37.9129],[-88.02,37.9098],[-88.0178,37.9027],[-88.0134,37.8949],[-88.0152,37.8908],[-88.0203,37.8881],[-88.0248,37.8889],[-88.0291,37.8926],[-88.036,37.8928],[-88.0449,37.8912],[-88.0554,37.8912],[-88.0582,37.8928],[-88.0714,37.8958],[-88.0862,37.9057],[-88.0945,37.906],[-88.0978,37.904],[-88.0979,37.9015],[-88.095,37.8937],[-88.0929,37.8917],[-88.0959,37.8897],[-88.0986,37.89],[-88.0969,37.8921],[-88.0977,37.8934],[-88.1006,37.894],[-88.1021,37.8959],[-88.1024,37.898],[-88.106,37.9],[-88.1099,37.9037],[-88.1137,37.9061],[-88.1255,37.9101],[-88.1359,37.9159],[-88.136,37.9078],[-88.1365,37.9077],[-88.3569,37.9091],[-88.3572,37.9085],[-88.3745,37.9084],[-88.374,38.0387]]]}},{"type":"Feature","properties":{"fips":"17195","name":"Whiteside"},"geometry":{"type":"Polygon","coordinates":[[[-90.2467,41.7548],[-90.2428,41.76],[-90.2381,41.7611],[-90.2368,41.7626],[-90.2401,41.765],[-90.2421,41.7648],[-90.2431,41.7625],[-90.2472,41.7626],[-90.2473,41.7649],[-90.2446,41.7674],[-90.245,41.7717],[-90.242,41.7769],[-90.2424,41.783],[-90.2169,41.7953],[-90.188,41.8032],[-90.182,41.8071],[-90.1806,41.812],[-90.1817,41.8226],[-90.184,41.8331],[-90.1838,41.8362],[-90.1814,41.8446],[-90.173,41.8574],[-90.1728,41.8661],[-90.17,41.8764],[-90.157,41.898],[-90.1536,41.9066],[-90.1518,41.9289],[-89.978,41.9312],[-89.6289,41.93],[-89.6324,41.6716],[-89.6315,41.5849],[-89.9762,41.5837],[-90.1855,41.5846],[-90.1863,41.5863],[-90.1854,41.5889],[-90.1837,41.5902],[-90.1814,41.591],[-90.1704,41.5918],[-90.166,41.5942],[-90.1648,41.5973],[-90.1661,41.6098],[-90.1617,41.6151],[-90.1625,41.6163],[-90.1607,41.6179],[-90.1621,41.6216],[-90.1604,41.6261],[-90.1599,41.6305],[-90.1625,41.6355],[-90.1733,41.6376],[-90.1739,41.6401],[-90.1638,41.6392],[-90.1619,41.6446],[-90.1648,41.6477],[-90.1703,41.6487],[-90.1717,41.653],[-90.1737,41.655],[-90.1817,41.6579],[-90.1895,41.6634],[-90.2088,41.6694],[-90.2185,41.6714],[-90.2185,41.672],[-90.2297,41.6754],[-90.2362,41.6795],[-90.2349,41.6814],[-90.2325,41.6815],[-90.2306,41.6826],[-90.2292,41.6821],[-90.2269,41.6835],[-90.2262,41.6869],[-90.2274,41.6883],[-90.2268,41.6925],[-90.2281,41.693],[-90.232,41.6919],[-90.2324,41.6929],[-90.2308,41.6946],[-90.2312,41.6958],[-90.2342,41.6968],[-90.2359,41.6961],[-90.2372,41.6969],[-90.2372,41.6996],[-90.245,41.7024],[-90.2452,41.7047],[-90.2422,41.7048],[-90.2398,41.7067],[-90.2406,41.7099],[-90.2382,41.7112],[-90.2393,41.714],[-90.2347,41.7205],[-90.2341,41.725],[-90.2387,41.7273],[-90.2387,41.7292],[-90.236,41.7318],[-90.2347,41.7361],[-90.2365,41.7407],[-90.2394,41.7425],[-90.2421,41.7405],[-90.2443,41.7404],[-90.2444,41.7426],[-90.2432,41.7443],[-90.2441,41.7456],[-90.2467,41.7456],[-90.2479,41.7469],[-90.2467,41.7548]]]}},{"type":"Feature","properties":{"fips":"17197","name":"Will"},"geometry":{"type":"Polygon","coordinates":[[[-88.2613,41.7247],[-88.1506,41.7261],[-88.0304,41.7289],[-88.0277,41.6415],[-87.9119,41.6439],[-87.9094,41.5568],[-87.7928,41.5585],[-87.7921,41.5383],[-87.7904,41.5396],[-87.7903,41.4698],[-87.5257,41.4703],[-87.5267,41.2981],[-87.7817,41.2959],[-88.0139,41.2924],[-88.0118,41.2055],[-88.2441,41.2016],[-88.2501,41.4045],[-88.2594,41.6435],[-88.2613,41.7247]]]}},{"type":"Feature","properties":{"fips":"17199","name":"Williamson"},"geometry":{"type":"Polygon","coordinates":[[[-89.1526,37.6868],[-89.1512,37.862],[-88.9466,37.862],[-88.7068,37.8635],[-88.7068,37.743],[-88.7085,37.5993],[-88.8189,37.6007],[-88.8368,37.5975],[-88.9772,37.5963],[-89.0782,37.5974],[-89.1536,37.6002],[-89.1526,37.6868]]]}},{"type":"Feature","properties":{"fips":"17201","name":"Winnebago"},"geometry":{"type":"Polygon","coordinates":[[[-89.4014,42.5004],[-89.2508,42.498],[-88.9404,42.495],[-88.9402,42.3267],[-88.941,42.2394],[-88.9397,42.1523],[-89.1728,42.1504],[-89.173,42.2042],[-89.3962,42.2019],[-89.3978,42.3072],[-89.398,42.3752],[-89.4014,42.5004]]]}},{"type":"Feature","properties":{"fips":"17203","name":"Woodford"},"geometry":{"type":"Polygon","coordinates":[[[-89.5636,40.7821],[-89.5595,40.7991],[-89.5515,40.8095],[-89.5507,40.8127],[-89.5481,40.8163],[-89.5413,40.8216],[-89.5393,40.8274],[-89.5267,40.8423],[-89.5286,40.8459],[-89.5266,40.8532],[-89.5248,40.8541],[-89.524,40.8567],[-89.5061,40.8673],[-89.4988,40.8741],[-89.4957,40.8787],[-89.4924,40.8864],[-89.4911,40.8943],[-89.4886,40.8988],[-89.4863,40.8994],[-89.4805,40.9077],[-89.4756,40.9121],[-89.474,40.9156],[-89.4736,40.9196],[-89.4725,40.9212],[-89.3903,40.9219],[-89.1604,40.9271],[-89.0477,40.9257],[-88.9314,40.9277],[-88.9293,40.7533],[-88.9869,40.7523],[-88.9847,40.665],[-89.0453,40.6639],[-89.0444,40.6274],[-89.0822,40.6268],[-89.1016,40.625],[-89.1011,40.6123],[-89.1342,40.6115],[-89.1338,40.5967],[-89.2694,40.5943],[-89.2698,40.6161],[-89.3273,40.6156],[-89.3287,40.6608],[-89.3296,40.6608],[-89.3301,40.7483],[-89.5534,40.7476],[-89.556,40.7534],[-89.5573,40.7688],[-89.559,40.7739],[-89.5636,40.7821]]]}}]}